metrics.categorical_cross_entropy,metrics.iou,metrics.iou_class_road,metrics.iou_class_sidewalk,metrics.iou_class_building,metrics.iou_class_wall,metrics.iou_class_fence,metrics.iou_class_pole,metrics.iou_class_traffic light,metrics.iou_class_traffic sign,metrics.iou_class_vegetation,metrics.iou_class_terrain,metrics.iou_class_sky,metrics.iou_class_person,metrics.iou_class_rider,metrics.iou_class_car,metrics.iou_class_truck,metrics.iou_class_bus,metrics.iou_class_train,metrics.iou_class_motorcycle,metrics.iou_class_bicycle,metrics.per_class_prediction_percentage_road,metrics.per_class_prediction_percentage_sidewalk,metrics.per_class_prediction_percentage_building,metrics.per_class_prediction_percentage_wall,metrics.per_class_prediction_percentage_fence,metrics.per_class_prediction_percentage_pole,metrics.per_class_prediction_percentage_traffic light,metrics.per_class_prediction_percentage_traffic sign,metrics.per_class_prediction_percentage_vegetation,metrics.per_class_prediction_percentage_terrain,metrics.per_class_prediction_percentage_sky,metrics.per_class_prediction_percentage_person,metrics.per_class_prediction_percentage_rider,metrics.per_class_prediction_percentage_car,metrics.per_class_prediction_percentage_truck,metrics.per_class_prediction_percentage_bus,metrics.per_class_prediction_percentage_train,metrics.per_class_prediction_percentage_motorcycle,metrics.per_class_prediction_percentage_bicycle,metadata.idx,metadata.class_percent_road,metadata.class_percent_sidewalk,metadata.class_percent_building,metadata.class_percent_wall,metadata.class_percent_fence,metadata.class_percent_pole,metadata.class_percent_traffic light,metadata.class_percent_traffic sign,metadata.class_percent_vegetation,metadata.class_percent_terrain,metadata.class_percent_sky,metadata.class_percent_person,metadata.class_percent_rider,metadata.class_percent_car,metadata.class_percent_truck,metadata.class_percent_bus,metadata.class_percent_train,metadata.class_percent_motorcycle,metadata.class_percent_bicycle,metadata.class_percent_background,metadata.filename,metadata.city,metadata.dataset,metadata.gps_heading,metadata.gps_latitude,metadata.gps_longtitude,metadata.outside_temperature,metadata.speed,metadata.yaw_rate,metadata.non_normalized_std,metadata.non_normalized_mean,metadata.non_normalized_max,metadata.non_normalized_min,metadata.normalized_image_std,metadata.normalized_image_mean,metadata.normalized_image_max,metadata.normalized_image_min,metadata_is_none.idx,metadata_is_none.class_percent_road,metadata_is_none.class_percent_sidewalk,metadata_is_none.class_percent_building,metadata_is_none.class_percent_wall,metadata_is_none.class_percent_fence,metadata_is_none.class_percent_pole,metadata_is_none.class_percent_traffic light,metadata_is_none.class_percent_traffic sign,metadata_is_none.class_percent_vegetation,metadata_is_none.class_percent_terrain,metadata_is_none.class_percent_sky,metadata_is_none.class_percent_person,metadata_is_none.class_percent_rider,metadata_is_none.class_percent_car,metadata_is_none.class_percent_truck,metadata_is_none.class_percent_bus,metadata_is_none.class_percent_train,metadata_is_none.class_percent_motorcycle,metadata_is_none.class_percent_bicycle,metadata_is_none.class_percent_background,metadata_is_none.filename,metadata_is_none.city,metadata_is_none.dataset,metadata_is_none.gps_heading,metadata_is_none.gps_latitude,metadata_is_none.gps_longtitude,metadata_is_none.outside_temperature,metadata_is_none.speed,metadata_is_none.yaw_rate,sample_id,epoch,dataset_state,batch,dataset_name,dataset_version_id,inserted_at,is_low_perf_root_member
,0.14390765130519867,0.3282861113548279,0.07713180780410767,0.6450371146202087,0.0,0.0,0.0033397695515304804,0.0,0.003954858053475618,0.12594017386436462,0.2611583471298218,0.11765147000551224,0.0,0.0,0.13645653426647186,0.0,0.0,0.0,0.0,0.0,56.14128112792969,47.446441650390625,87.13741302490234,70.49531555175781,60.04972457885742,80.48252868652344,13.441276550292969,30.962371826171875,57.666015625,4.866600036621094,32.43651580810547,26.643657684326172,4.713582992553711,53.052711486816406,22.56770133972168,13.398408889770508,2.0433902740478516,2.632427215576172,17.187118530273438,329.0,0.184326171875,0.036590576171875,0.56396484375,0.0,0.0,0.0026874542236328125,0.0,0.001224517822265625,0.0726318359375,0.01271820068359375,0.038177490234375,0.0,0.0,0.0723876953125,0.0,0.0,0.0,0.0,0.0,0.01508331298828125,KITTI/data_semantics/training/image_2/000086_10.png,Karlsruhe,kitti,281.0,50.78125,6.109375,19.5,10.8125,0.1710205078125,0.35025036334991455,0.4162948429584503,1.0,0.0,0.910516083240509,-0.5888404846191406,1.0048828125,-1.841796875,False,False,False,False,False,False,False,False,False,False,False,False,False,False,False,False,False,False,False,False,False,False,False,False,False,False,False,False,False,False,training_329,0,training,0,unlabeled,6a6b7dddff0fe74e679d0d73,2026-08-12T18:20:06.549320,True
,0.13813704252243042,0.28561103343963623,0.2979423701763153,0.29914066195487976,0.01572841964662075,0.0,0.05376339331269264,0.0038498644717037678,0.09670364111661911,0.24826696515083313,0.11502185463905334,0.3480663001537323,0.027712948620319366,0.0,0.059563517570495605,0.03838230296969414,0.0,0.0,0.0,0.0,56.52599334716797,58.693458557128906,76.74246215820312,75.913330078125,69.91806030273438,76.80354309082031,15.717601776123047,43.327667236328125,56.94150924682617,36.50178909301758,21.09355926513672,24.06630516052246,0.8915901184082031,27.9050350189209,31.789445877075195,9.748029708862305,3.6246299743652344,0.5009651184082031,3.7940502166748047,361.0,0.1624755859375,0.175048828125,0.2296142578125,0.0126495361328125,0.0,0.041290283203125,0.0006051063537597656,0.044464111328125,0.141357421875,0.0419921875,0.07342529296875,0.006687164306640625,0.0,0.016632080078125,0.01233673095703125,0.0,0.0,0.0,0.0,0.041412353515625,KITTI/data_semantics/training/image_2/000119_10.png,Karlsruhe,kitti,281.0,50.78125,6.109375,19.5,10.8125,0.1710205078125,0.3142072260379791,0.3888550102710724,1.0,0.0,0.8225662112236023,-0.6594083309173584,1.0048828125,-1.841796875,False,False,False,False,False,False,False,False,False,False,False,False,False,False,False,False,False,False,False,False,False,False,False,False,False,False,False,False,False,False,training_361,0,training,0,unlabeled,6a6b7dddff0fe74e679d0d73,2026-08-12T18:20:06.549320,True
,0.1397952288389206,0.4828886389732361,0.10891296714544296,0.2963874042034149,0.0,0.0,0.006479218136519194,0.004523309879004955,0.016787827014923096,0.37606996297836304,0.052050378173589706,0.3031703531742096,0.0,0.0,0.22938157618045807,0.0,0.0,0.0,0.0,0.0,63.44828796386719,56.3140869140625,83.85462951660156,62.03765869140625,69.69570922851562,73.4182357788086,12.036657333374023,49.60145950317383,51.344444274902344,11.21983528137207,18.952512741088867,42.38176345825195,2.135896682739258,28.36785316467285,21.898651123046875,14.582014083862305,3.101348876953125,1.4175891876220703,14.310979843139648,376.0,0.306396484375,0.06134033203125,0.24853515625,0.0,0.00115203857421875,0.004756927490234375,0.0005650520324707031,0.00832366943359375,0.193115234375,0.01068115234375,0.057464599609375,0.0,0.0,0.0650634765625,0.0,0.0,0.0,0.0,0.0,0.042633056640625,KITTI/data_semantics/training/image_2/000138_10.png,Karlsruhe,kitti,281.0,50.78125,6.109375,19.5,10.8125,0.1710205078125,0.270618200302124,0.36043426394462585,1.0,0.0,0.7087727189064026,-0.732128918170929,1.0048828125,-1.841796875,False,False,False,False,False,False,False,False,False,False,False,False,False,False,False,False,False,False,False,False,False,False,False,False,False,False,False,False,False,False,training_376,0,training,0,unlabeled,6a6b7dddff0fe74e679d0d73,2026-08-12T18:20:13.940653,True
,0.14097140729427338,0.5695022344589233,0.05738181620836258,0.013079614378511906,0.0,0.00485390005633235,0.033219024538993835,0.037091564387083054,0.008821576833724976,0.48737001419067383,0.13623936474323273,0.4549752473831177,0.00827417429536581,0.0,0.19380025565624237,0.007498505990952253,0.1930726170539856,0.0,0.0,0.024441180750727654,65.12565612792969,60.81743240356445,72.96009063720703,67.09732818603516,57.26289749145508,70.63569641113281,17.16618537902832,44.27494812011719,54.0302734375,27.38480567932129,30.347633361816406,41.066837310791016,4.161643981933594,15.881967544555664,15.160083770751953,18.224382400512695,8.465719223022461,0.6444931030273438,13.311386108398438,385.0,0.370849609375,0.034942626953125,0.00954437255859375,0.0,0.0027790069580078125,0.023468017578125,0.006366729736328125,0.00423431396484375,0.263427734375,0.0390625,0.1380615234375,0.003398895263671875,0.0,0.0310211181640625,0.00113677978515625,0.035186767578125,0.0,0.0,0.003253936767578125,0.033294677734375,KITTI/data_semantics/training/image_2/000015_10.png,Karlsruhe,kitti,281.0,50.78125,6.109375,19.5,10.8125,0.1710205078125,0.26737236976623535,0.4113525450229645,1.0,0.0,0.7099285125732422,-0.6018438935279846,1.0048828125,-1.841796875,False,False,False,False,False,False,False,False,False,False,False,False,False,False,False,False,False,False,False,False,False,False,False,False,False,False,False,False,False,False,training_385,0,training,0,unlabeled,6a6b7dddff0fe74e679d0d73,2026-08-12T18:20:13.940653,True
,0.1361985206604004,0.2872517704963684,0.08431468904018402,0.29435139894485474,0.013433328829705715,0.0,0.02093031257390976,0.0012969119707122445,0.016386376693844795,0.3486053943634033,0.34132516384124756,0.34265926480293274,0.0,0.0,0.15083706378936768,0.0,0.0,0.0,0.0,0.0,52.993438720703125,46.77166748046875,66.0554428100586,70.58139038085938,71.38204956054688,75.3519058227539,14.743614196777344,49.90000915527344,75.08907318115234,36.703636169433594,20.62082290649414,28.360605239868164,1.4429092407226562,48.58307647705078,12.745094299316406,9.56563949584961,2.3194313049316406,0.3559112548828125,14.717340469360352,391.0,0.1522216796875,0.0394287109375,0.1944580078125,0.00948333740234375,0.0,0.015777587890625,0.00019121170043945312,0.0081787109375,0.262451171875,0.1268310546875,0.0706787109375,0.0,0.0,0.07330322265625,0.0,0.0,0.0,0.0,0.0,0.047027587890625,KITTI/data_semantics/training/image_2/000123_10.png,Karlsruhe,kitti,281.0,50.78125,6.109375,19.5,10.8125,0.1710205078125,0.29026880860328674,0.3467494249343872,1.0,0.0,0.7598035335540771,-0.7673916220664978,1.0048828125,-1.841796875,False,False,False,False,False,False,False,False,False,False,False,False,False,False,False,False,False,False,False,False,False,False,False,False,False,False,False,False,False,False,training_391,0,training,0,unlabeled,6a6b7dddff0fe74e679d0d73,2026-08-12T18:19:59.137396,True
,0.1392766535282135,0.22838930785655975,0.0,0.0,0.0,0.0,0.004668071400374174,0.0,0.013613278977572918,0.59299236536026,0.5197873711585999,0.4953879117965698,0.00014506548177450895,0.0007888923864811659,0.044919226318597794,0.0,0.0,0.0,0.0,0.0,84.39064025878906,56.613731384277344,67.0867919921875,75.45838165283203,79.585693359375,75.26226043701172,8.664798736572266,29.472017288208008,78.37896728515625,38.85102081298828,23.293495178222656,45.689964294433594,1.1756420135498047,23.63739013671875,5.2898406982421875,2.798128128051758,6.1161041259765625,0.12531280517578125,11.394262313842773,396.0,0.19287109375,0.0,0.0,0.0,0.0,0.003520965576171875,0.0,0.0040130615234375,0.46484375,0.20361328125,0.11541748046875,6.628036499023438e-05,0.0003418922424316406,0.0106201171875,0.0,0.0,0.0,0.0,0.00010395050048828125,0.004695892333984375,KITTI/data_semantics/training/image_2/000129_10.png,Karlsruhe,kitti,281.0,50.78125,6.109375,19.5,10.8125,0.1710205078125,0.2955722212791443,0.34668636322021484,1.0,0.0,0.774980366230011,-0.7672368884086609,1.0048828125,-1.841796875,False,False,False,False,False,False,False,False,False,False,False,False,False,False,False,False,False,False,False,False,False,False,False,False,False,False,False,False,False,False,training_396,0,training,0,unlabeled,6a6b7dddff0fe74e679d0d73,2026-08-12T18:19:59.137396,True
,0.13863661885261536,0.5059745907783508,0.014236574061214924,0.10680469125509262,0.00015339971287176013,0.0,0.0032697441056370735,0.0,0.0043939282186329365,0.6058416366577148,0.3094525635242462,0.2375306636095047,0.0,0.0,0.08919857442378998,0.0,0.0,0.0,0.0,0.0,49.56688690185547,61.729095458984375,61.48457336425781,89.83454895019531,89.97063446044922,60.477020263671875,6.739330291748047,34.63902282714844,71.31013488769531,41.7938232421875,16.46552085876465,44.13447570800781,5.38945198059082,25.727176666259766,2.370166778564453,3.9865493774414062,1.3913154602050781,0.38590431213378906,19.69308853149414,395.0,0.2509765625,0.0087890625,0.06585693359375,0.00013780593872070312,0.0,0.0019779205322265625,0.0,0.00153350830078125,0.43310546875,0.12939453125,0.03912353515625,0.0,0.0,0.02294921875,0.0009355545043945312,0.0,0.0,0.0,0.0,0.045135498046875,KITTI/data_semantics/training/image_2/000108_10.png,Karlsruhe,kitti,281.0,50.78125,6.109375,19.5,10.8125,0.1710205078125,0.2771797776222229,0.3262630105018616,1.0,0.0,0.7237750291824341,-0.819704532623291,1.0048828125,-1.841796875,False,False,False,False,False,False,False,False,False,False,False,False,False,False,False,False,False,False,False,False,False,False,False,False,False,False,False,False,False,False,training_395,0,training,0,unlabeled,6a6b7dddff0fe74e679d0d73,2026-08-12T18:20:06.549320,True
,0.14085932075977325,0.3897446393966675,0.09875411540269852,0.0,0.0,0.0,0.020753730088472366,0.0,0.010319415479898453,0.6899954676628113,0.2979004383087158,0.47446930408477783,0.0,0.0,0.11653712391853333,0.0,0.017300821840763092,0.0,0.0,0.0,63.23323059082031,60.65969467163086,66.66212463378906,77.34103393554688,80.90763092041016,57.40365982055664,8.604145050048828,37.43753433227539,57.718753814697266,27.263975143432617,26.14154815673828,43.36724090576172,4.790353775024414,35.530517578125,9.223365783691406,12.183570861816406,5.4782867431640625,0.09465217590332031,14.674568176269531,342.0,0.248046875,0.059967041015625,0.0,0.0,0.0,0.011932373046875,0.0,0.003864288330078125,0.398193359375,0.08685302734375,0.12408447265625,0.0,0.0,0.041961669921875,0.0,0.0021209716796875,0.0,0.0,0.0,0.022857666015625,KITTI/data_semantics/training/image_2/000147_10.png,Karlsruhe,kitti,281.0,50.78125,6.109375,19.5,10.8125,0.1710205078125,0.3123668134212494,0.3543801009654999,1.0,0.0,0.8140466809272766,-0.7478968501091003,1.0048828125,-1.841796875,False,False,False,False,False,False,False,False,False,False,False,False,False,False,False,False,False,False,False,False,False,False,False,False,False,False,False,False,False,False,training_342,0,training,0,unlabeled,6a6b7dddff0fe74e679d0d73,2026-08-12T18:20:13.940653,True
,0.14169646799564362,0.43870809674263,0.03952031210064888,0.0005556257092393935,0.0,0.0,0.019363583996891975,0.010600968264043331,0.022892257198691368,0.5100796222686768,0.22109255194664001,0.5267174243927002,0.0,0.0,0.09535940736532211,0.0032016055192798376,0.0,0.0,0.0,0.0,67.79527282714844,67.77863311767578,78.52516174316406,63.42449188232422,63.245628356933594,64.30693054199219,7.077598571777344,38.63697052001953,59.247398376464844,42.01893615722656,41.27983856201172,33.110618591308594,3.1366348266601562,28.41324806213379,20.39508819580078,7.292604446411133,1.5188217163085938,0.2235889434814453,9.121465682983398,381.0,0.29736328125,0.0267791748046875,0.0004363059997558594,0.0,0.0,0.012451171875,0.0007739067077636719,0.0089111328125,0.30224609375,0.09393310546875,0.2174072265625,0.0,0.0,0.027099609375,0.00104522705078125,0.0,0.0,0.0,0.0,0.011505126953125,KITTI/data_semantics/training/image_2/000075_10.png,Karlsruhe,kitti,281.0,50.78125,6.109375,19.5,10.8125,0.1710205078125,0.3725672662258148,0.5510866045951843,1.0,0.0,0.9692806005477905,-0.24219727516174316,1.0048828125,-1.841796875,False,False,False,False,False,False,False,False,False,False,False,False,False,False,False,False,False,False,False,False,False,False,False,False,False,False,False,False,False,False,training_381,0,training,0,unlabeled,6a6b7dddff0fe74e679d0d73,2026-08-12T18:19:16.152850,True
,0.137599378824234,0.268124520778656,0.14456187188625336,0.04548671469092369,0.0,0.0023662203457206488,0.027204718440771103,0.01816464774310589,0.000879464962054044,0.5514987111091614,0.16397824883460999,0.7542985677719116,0.010394465178251266,0.16443122923374176,0.05420918017625809,0.0,0.016268279403448105,0.0,0.0,0.015444805845618248,60.46485900878906,62.332679748535156,69.46244049072266,80.96075439453125,81.3731689453125,62.64014434814453,9.694337844848633,36.4893913269043,80.08270263671875,40.19670486450195,17.800474166870117,34.6796989440918,0.8002281188964844,42.826271057128906,6.28056526184082,7.593107223510742,3.512239456176758,0.3245353698730469,13.748025894165039,382.0,0.1624755859375,0.091796875,0.031585693359375,0.0,0.0019254684448242188,0.0171356201171875,0.00176239013671875,0.0003209114074707031,0.443115234375,0.0684814453125,0.1343994140625,0.004032135009765625,0.00189208984375,0.0232086181640625,0.0,0.0012493133544921875,0.0,0.0002613067626953125,0.0021228790283203125,0.01409912109375,KITTI/data_semantics/training/image_2/000031_10.png,Karlsruhe,kitti,281.0,50.78125,6.109375,19.5,10.8125,0.1710205078125,0.33984610438346863,0.3755284249782562,1.0,0.0,0.8841285109519958,-0.6932275295257568,1.0048828125,-1.841796875,False,False,False,False,False,False,False,False,False,False,False,False,False,False,False,False,False,False,False,False,False,False,False,False,False,False,False,False,False,False,training_382,0,training,0,unlabeled,6a6b7dddff0fe74e679d0d73,2026-08-12T18:20:13.940653,True
,0.13124050199985504,0.2957468330860138,0.0,0.04416518658399582,0.0,0.0,0.033165447413921356,0.0025645059067755938,0.0022031753323972225,0.4369747042655945,0.3039853274822235,0.2849477231502533,0.0,0.0,0.39699482917785645,0.0,0.0,0.011801514774560928,0.0,0.0,59.75079345703125,52.99243927001953,67.51160430908203,82.84349060058594,82.73701477050781,62.61100769042969,6.972646713256836,38.45744323730469,72.67222595214844,58.8740348815918,20.091915130615234,27.522802352905273,2.0842552185058594,39.861297607421875,12.547826766967773,15.252399444580078,0.6809234619140625,0.3654003143310547,12.537670135498047,321.0,0.1767578125,0.0,0.029815673828125,0.0,0.0,0.020843505859375,0.00017881393432617188,0.0010890960693359375,0.317626953125,0.178955078125,0.0572509765625,0.0,0.0,0.158203125,0.0,0.0,0.001979827880859375,0.0,0.0,0.057342529296875,KITTI/data_semantics/training/image_2/000095_10.png,Karlsruhe,kitti,281.0,50.78125,6.109375,19.5,10.8125,0.1710205078125,0.32952818274497986,0.3235994577407837,1.0,0.0,0.8577144742012024,-0.8269792199134827,1.0048828125,-1.841796875,False,False,False,False,False,False,False,False,False,False,False,False,False,False,False,False,False,False,False,False,False,False,False,False,False,False,False,False,False,False,training_321,0,training,0,unlabeled,6a6b7dddff0fe74e679d0d73,2026-08-12T18:20:06.549320,True
,0.13969121873378754,0.46840140223503113,0.02074185386300087,0.0,0.01839447021484375,0.023499278351664543,0.032599061727523804,0.11678764969110489,0.009704537689685822,0.6664455533027649,0.1386984884738922,0.36325812339782715,0.0,0.0,0.36708876490592957,0.0,0.0,0.0,0.0,0.0,56.505821228027344,63.863800048828125,68.72053527832031,85.12287139892578,91.20044708251953,50.729034423828125,5.712270736694336,41.22467041015625,58.372352600097656,44.243858337402344,21.759366989135742,38.69314193725586,1.3922691345214844,26.347780227661133,4.790067672729492,8.479547500610352,10.040569305419922,0.6039619445800781,15.699195861816406,338.0,0.266357421875,0.01324462890625,0.0,0.015655517578125,0.0214385986328125,0.01654052734375,0.0066986083984375,0.004001617431640625,0.388916015625,0.06146240234375,0.0791015625,0.0,0.0,0.09674072265625,0.0,0.0,0.0,0.0,0.0,0.0297393798828125,KITTI/data_semantics/training/image_2/000023_10.png,Karlsruhe,kitti,281.0,50.78125,6.109375,19.5,10.8125,0.1710205078125,0.26209092140197754,0.37646451592445374,1.0,0.0,0.6909933686256409,-0.6911574006080627,1.0048828125,-1.841796875,False,False,False,False,False,False,False,False,False,False,False,False,False,False,False,False,False,False,False,False,False,False,False,False,False,False,False,False,False,False,training_338,0,training,0,unlabeled,6a6b7dddff0fe74e679d0d73,2026-08-12T18:19:51.364203,True
,0.1442178338766098,0.21420201659202576,0.015378493815660477,0.0,0.0,0.0007841219194233418,0.006419643294066191,0.0,0.0,0.40426120162010193,0.5761333107948303,0.5137791037559509,0.0,0.0,0.07167232036590576,0.0,0.0,0.0,0.0,0.0,88.67774200439453,56.44683837890625,61.589576721191406,66.45707702636719,69.81172180175781,55.547569274902344,4.339504241943359,27.92034149169922,69.1130142211914,46.88019561767578,41.28828048706055,34.032012939453125,1.7293453216552734,19.728755950927734,13.73434066772461,5.186891555786133,8.799266815185547,0.6161689758300781,6.935453414916992,374.0,0.18994140625,0.00868988037109375,0.0,0.0,0.0005474090576171875,0.0036144256591796875,0.0,0.0,0.279296875,0.27197265625,0.212158203125,0.0,0.0,0.01415252685546875,0.0,0.0,0.0,0.0,0.0,0.0195770263671875,KITTI/data_semantics/training/image_2/000180_10.png,Karlsruhe,kitti,281.0,50.78125,6.109375,19.5,10.8125,0.1710205078125,0.2956625819206238,0.35810112953186035,1.0,0.0,0.7823081016540527,-0.7387074828147888,1.0048828125,-1.841796875,False,False,False,False,False,False,False,False,False,False,False,False,False,False,False,False,False,False,False,False,False,False,False,False,False,False,False,False,False,False,training_374,0,training,0,unlabeled,6a6b7dddff0fe74e679d0d73,2026-08-12T18:19:59.137396,True
,0.14335180819034576,0.5419147610664368,0.07306362688541412,0.0037482609041035175,0.0,0.0,0.06500741839408875,0.10994803160429001,0.01533481664955616,0.396375447511673,0.045582860708236694,0.6488369703292847,0.0,0.0,0.38772889971733093,0.026167364791035652,0.0,0.0,0.0,0.0,62.64753341674805,57.277442932128906,73.68325805664062,53.888938903808594,62.870361328125,71.34504699707031,19.937515258789062,48.80852508544922,45.555686950683594,31.17241859436035,35.277984619140625,40.17839431762695,3.974008560180664,22.310972213745117,21.353530883789062,10.404253005981445,1.586294174194336,2.0637035369873047,16.18494987487793,294.0,0.339599609375,0.0418701171875,0.0027618408203125,0.0,0.0,0.046417236328125,0.0219268798828125,0.007595062255859375,0.1805419921875,0.01554107666015625,0.2288818359375,0.0,0.0,0.08660888671875,0.005695343017578125,0.0,0.0,0.0,0.0,0.0225830078125,KITTI/data_semantics/training/image_2/000052_10.png,Karlsruhe,kitti,281.0,50.78125,6.109375,19.5,10.8125,0.1710205078125,0.2852093577384949,0.5012249946594238,1.0,0.0,0.7584192752838135,-0.3710804879665375,1.0048828125,-1.841796875,False,False,False,False,False,False,False,False,False,False,False,False,False,False,False,False,False,False,False,False,False,False,False,False,False,False,False,False,False,False,training_294,0,training,0,unlabeled,6a6b7dddff0fe74e679d0d73,2026-08-12T18:20:13.940653,True
,0.13809016346931458,0.398112028837204,0.0,0.0,0.0,0.018565531820058823,0.0043027400970458984,0.0,0.0037112028803676367,0.749773383140564,0.006162639707326889,0.35135942697525024,0.0,0.0,0.20960940420627594,0.0,0.0,0.0,0.0,0.0,82.08861541748047,53.94439697265625,81.46343231201172,78.32474517822266,73.24838256835938,40.15998840332031,1.8427848815917969,36.21868896484375,56.78901672363281,31.050539016723633,23.12750816345215,31.84671401977539,1.5232563018798828,29.921722412109375,14.340066909790039,11.18326187133789,2.398204803466797,0.981903076171875,12.369203567504883,352.0,0.326904296875,0.0,0.0,0.0,0.0136260986328125,0.0017461776733398438,0.0,0.0013589859008789062,0.42626953125,0.0019159317016601562,0.08123779296875,0.0,0.0,0.062744140625,0.0,0.0,0.0,0.0,0.0,0.0843505859375,KITTI/data_semantics/training/image_2/000188_10.png,Karlsruhe,kitti,281.0,50.78125,6.109375,19.5,10.8125,0.1710205078125,0.267618864774704,0.34886062145233154,1.0,0.0,0.7030946612358093,-0.7620307803153992,1.0048828125,-1.841796875,False,False,False,False,False,False,False,False,False,False,False,False,False,False,False,False,False,False,False,False,False,False,False,False,False,False,False,False,False,False,training_352,0,training,0,unlabeled,6a6b7dddff0fe74e679d0d73,2026-08-12T18:20:13.940653,True
,0.14108039438724518,0.7666764259338379,0.03470465913414955,0.47938382625579834,0.009885392151772976,0.029167626053094864,0.032564785331487656,0.003969661891460419,0.0021002364810556173,0.11532092094421387,0.0,0.23379507660865784,0.0004328184586483985,0.0,0.07033923268318176,0.0,0.0,0.0,0.0,0.0005767641123384237,50.66284942626953,60.24498748779297,66.6158218383789,58.835601806640625,83.69049835205078,66.0665054321289,19.08712387084961,44.29426193237305,69.79308319091797,7.935047149658203,25.908613204956055,19.389963150024414,0.2376079559326172,60.97264099121094,12.470006942749023,12.916421890258789,10.546064376831055,0.38809776306152344,14.83454704284668,394.0,0.388916015625,0.021270751953125,0.3193359375,0.00585174560546875,0.0244903564453125,0.021514892578125,0.0007576942443847656,0.000942230224609375,0.08050537109375,0.0,0.060577392578125,8.392333984375e-05,0.0,0.042877197265625,0.0,0.0,0.0,0.0,0.0005545616149902344,0.03240966796875,KITTI/data_semantics/training/image_2/000171_10.png,Karlsruhe,kitti,281.0,50.78125,6.109375,19.5,10.8125,0.1710205078125,0.32957324385643005,0.3927975594997406,1.0,0.0,0.8688717484474182,-0.6499689221382141,1.0048828125,-1.841796875,False,False,False,False,False,False,False,False,False,False,False,False,False,False,False,False,False,False,False,False,False,False,False,False,False,False,False,False,False,False,training_394,0,training,0,unlabeled,6a6b7dddff0fe74e679d0d73,2026-08-12T18:20:13.940653,True
,0.13923391699790955,0.5544458031654358,0.028548037633299828,0.02524699829518795,0.0,0.011219854466617107,0.048437587916851044,0.0741199478507042,0.03440747410058975,0.36233025789260864,0.2785134017467499,0.5277720093727112,0.0,0.0,0.1359775960445404,0.001761435647495091,0.0,0.0,0.0,0.0,61.525390625,70.29948425292969,76.8299560546875,58.54449462890625,70.48101806640625,65.58804321289062,12.695455551147461,31.70452117919922,52.72393035888672,37.1729850769043,38.22193145751953,36.083412170410156,3.5699844360351562,21.144866943359375,22.703266143798828,7.494878768920898,9.566116333007812,1.0056495666503906,16.48421287536621,320.0,0.341064453125,0.0200653076171875,0.0193939208984375,0.0,0.007904052734375,0.031768798828125,0.009918212890625,0.01122283935546875,0.1910400390625,0.1041259765625,0.2017822265625,0.0,0.0,0.02880859375,0.0004925727844238281,0.0,0.0,0.0,0.0,0.032196044921875,KITTI/data_semantics/training/image_2/000117_10.png,Karlsruhe,kitti,281.0,50.78125,6.109375,19.5,10.8125,0.1710205078125,0.33403387665748596,0.46519574522972107,1.0,0.0,0.872640073299408,-0.46309635043144226,1.0048828125,-1.841796875,False,False,False,False,False,False,False,False,False,False,False,False,False,False,False,False,False,False,False,False,False,False,False,False,False,False,False,False,False,False,training_320,0,training,0,unlabeled,6a6b7dddff0fe74e679d0d73,2026-08-12T18:19:59.137396,True
,0.12815339863300323,0.4095982015132904,0.07378266006708145,0.2704758644104004,0.01946297474205494,0.0,0.017710933461785316,0.01109674759209156,0.005798592697829008,0.3887312710285187,0.09768520295619965,0.2479124665260315,0.004093848168849945,0.0,0.1401938498020172,0.0,0.0,0.0,0.0,0.022010808810591698,58.91141891479492,53.568267822265625,68.14179229736328,68.6898193359375,76.4120101928711,66.04986572265625,12.305450439453125,41.889617919921875,63.105247497558594,32.27643966674805,21.745681762695312,33.347225189208984,1.2176990509033203,45.900821685791016,8.757543563842773,20.47114372253418,8.322334289550781,0.6490230560302734,15.518712997436523,388.0,0.2413330078125,0.039703369140625,0.184326171875,0.01336669921875,0.0,0.0117340087890625,0.0015106201171875,0.002429962158203125,0.245361328125,0.03155517578125,0.053924560546875,0.00136566162109375,0.0,0.0643310546875,0.0,0.0,0.0,0.0,0.005863189697265625,0.103271484375,KITTI/data_semantics/training/image_2/000127_10.png,Karlsruhe,kitti,281.0,50.78125,6.109375,19.5,10.8125,0.1710205078125,0.2957914173603058,0.3699089288711548,1.0,0.0,0.7735357284545898,-0.7079331874847412,1.0048828125,-1.841796875,False,False,False,False,False,False,False,False,False,False,False,False,False,False,False,False,False,False,False,False,False,False,False,False,False,False,False,False,False,False,training_388,0,training,0,unlabeled,6a6b7dddff0fe74e679d0d73,2026-08-12T18:19:51.364203,True
,0.1349794715642929,0.40900886058807373,0.0,0.0,0.06062714755535126,0.06119513511657715,0.0005201654275879264,0.0,0.007551285903900862,0.6796380281448364,0.0,0.3238777220249176,0.0,0.0,0.07758928090333939,0.0,0.0,0.0,0.0,0.0,74.01390075683594,61.006591796875,73.61250305175781,85.0311279296875,85.33072662353516,44.91200256347656,1.8806934356689453,25.05021095275879,59.31415557861328,25.83460807800293,17.833375930786133,24.76944923400879,2.2161483764648438,31.53705596923828,6.385517120361328,18.5577392578125,5.207920074462891,0.49839019775390625,19.322919845581055,369.0,0.302734375,0.0,0.0,0.051544189453125,0.052886962890625,0.0002980232238769531,0.0,0.00189208984375,0.4033203125,0.0,0.057769775390625,0.0,0.0,0.02447509765625,0.0,0.0,0.0,0.0,0.0,0.10504150390625,KITTI/data_semantics/training/image_2/000192_10.png,Karlsruhe,kitti,281.0,50.78125,6.109375,19.5,10.8125,0.1710205078125,0.3088853061199188,0.3621375858783722,1.0,0.0,0.8007355332374573,-0.7274817824363708,1.0048828125,-1.841796875,False,False,False,False,False,False,False,False,False,False,False,False,False,False,False,False,False,False,False,False,False,False,False,False,False,False,False,False,False,False,training_369,0,training,0,unlabeled,6a6b7dddff0fe74e679d0d73,2026-08-12T18:19:59.137396,True
,0.13973365724086761,0.2269958108663559,0.12856636941432953,0.05494236201047897,0.0,0.0050166938453912735,0.02176300249993801,0.0019841683097183704,0.0012075240956619382,0.6400251388549805,0.13967899978160858,0.6239969730377197,0.005101758986711502,0.0,0.11333885043859482,5.441199755296111e-05,0.0,0.0,0.0,0.0,74.37958526611328,56.610107421875,59.159706115722656,74.63311767578125,78.74899291992188,68.56417846679688,6.849145889282227,35.618736267089844,69.95954895019531,59.77082061767578,21.04191780090332,31.0760498046875,4.837226867675781,20.693159103393555,8.632516860961914,5.25965690612793,9.98387336730957,0.1419544219970703,16.01996421813965,301.0,0.1688232421875,0.07275390625,0.03265380859375,0.0,0.0039520263671875,0.014923095703125,0.00013589859008789062,0.00043201446533203125,0.44775390625,0.08367919921875,0.13134765625,0.0015964508056640625,0.0,0.0234527587890625,0.0013141632080078125,0.0003819465637207031,0.0,0.0,0.0,0.01678466796875,KITTI/data_semantics/training/image_2/000032_10.png,Karlsruhe,kitti,281.0,50.78125,6.109375,19.5,10.8125,0.1710205078125,0.331518292427063,0.38691040873527527,1.0,0.0,0.8645680546760559,-0.6638301014900208,1.0048828125,-1.841796875,False,False,False,False,False,False,False,False,False,False,False,False,False,False,False,False,False,False,False,False,False,False,False,False,False,False,False,False,False,False,training_301,0,training,0,unlabeled,6a6b7dddff0fe74e679d0d73,2026-08-12T18:20:29.385031,True
,0.13692764937877655,0.495565265417099,0.14751669764518738,0.06730309873819351,0.025719163939356804,0.0,0.044027529656887054,0.07802511006593704,0.03824664279818535,0.5199971795082092,0.02807987481355667,0.40099379420280457,0.0,0.039735205471515656,0.2762547433376312,0.004556290339678526,0.0,0.0,0.17361317574977875,0.0052504464983940125,56.795738220214844,62.77470397949219,68.67485046386719,76.04493713378906,73.3663101196289,68.84184265136719,22.142887115478516,40.256072998046875,56.250858306884766,28.092145919799805,19.048404693603516,46.06452178955078,2.8439998626708984,31.433773040771484,15.076494216918945,18.41278076171875,5.727720260620117,2.337646484375,16.190052032470703,335.0,0.28173828125,0.0931396484375,0.046234130859375,0.0195770263671875,0.0,0.0303192138671875,0.0175323486328125,0.0153961181640625,0.29248046875,0.0106353759765625,0.076416015625,0.0,0.002716064453125,0.08685302734375,0.0009398460388183594,0.0,0.0,0.004779815673828125,0.00124359130859375,0.0200958251953125,KITTI/data_semantics/training/image_2/000155_10.png,Karlsruhe,kitti,281.0,50.78125,6.109375,19.5,10.8125,0.1710205078125,0.3057348430156708,0.3525770902633667,1.0,0.0,0.7991582155227661,-0.7527112364768982,1.0048828125,-1.841796875,False,False,False,False,False,False,False,False,False,False,False,False,False,False,False,False,False,False,False,False,False,False,False,False,False,False,False,False,False,False,training_335,0,training,0,unlabeled,6a6b7dddff0fe74e679d0d73,2026-08-12T18:20:06.549320,True
,0.14057226479053497,0.2923578917980194,0.0,0.001745556597597897,0.0,0.0042564356699585915,0.001536775496788323,0.0,0.004882513079792261,0.5888387560844421,0.15496313571929932,0.6724663972854614,0.0,0.0,0.2256423979997635,0.0,0.0,0.0,0.0,0.0,96.2178726196289,46.24748229980469,65.47684478759766,73.56391143798828,67.76457214355469,65.22126007080078,4.350566864013672,29.542827606201172,57.48300552368164,46.07910919189453,35.20531463623047,25.67138671875,1.5778064727783203,12.845134735107422,24.426698684692383,18.335437774658203,7.25092887878418,0.20647048950195312,7.948732376098633,314.0,0.28125,0.0,0.00116729736328125,0.0,0.0030040740966796875,0.001007080078125,0.0,0.00144195556640625,0.3388671875,0.073974609375,0.2366943359375,0.0,0.0,0.02899169921875,0.0,0.0,0.0,0.0,0.0,0.033538818359375,KITTI/data_semantics/training/image_2/000070_10.png,Karlsruhe,kitti,281.0,50.78125,6.109375,19.5,10.8125,0.1710205078125,0.3064517378807068,0.43549227714538574,1.0,0.0,0.8084734082221985,-0.5396493673324585,1.0048828125,-1.841796875,False,False,False,False,False,False,False,False,False,False,False,False,False,False,False,False,False,False,False,False,False,False,False,False,False,False,False,False,False,False,training_314,0,training,0,unlabeled,6a6b7dddff0fe74e679d0d73,2026-08-12T18:20:06.549320,True
,0.1426100730895996,0.5467050671577454,0.045181673020124435,0.01759585551917553,0.0,0.00734411645680666,0.0475754477083683,0.05985071137547493,0.0118598323315382,0.4625309407711029,0.18015079200267792,0.5086638927459717,0.010131041519343853,0.0,0.2020152062177658,0.006659423466771841,0.0,0.0,0.0,0.0791982039809227,65.13066101074219,60.1231575012207,67.65365600585938,71.56596374511719,63.588619232177734,66.61224365234375,17.95659065246582,41.693687438964844,58.810997009277344,34.40727996826172,28.12938690185547,42.6097412109375,3.8002967834472656,17.366743087768555,14.571285247802734,11.750364303588867,4.309177398681641,0.5799770355224609,13.357162475585938,373.0,0.356689453125,0.0272216796875,0.01190185546875,0.0,0.0048828125,0.03167724609375,0.01074981689453125,0.00494384765625,0.27197265625,0.0626220703125,0.1435546875,0.004364013671875,0.0,0.03509521484375,0.0009703636169433594,0.0,0.0,0.0,0.01058197021484375,0.0227508544921875,KITTI/data_semantics/training/image_2/000014_10.png,Karlsruhe,kitti,281.0,50.78125,6.109375,19.5,10.8125,0.1710205078125,0.2741333246231079,0.4137629568576813,1.0,0.0,0.725752055644989,-0.5955638289451599,1.0048828125,-1.841796875,False,False,False,False,False,False,False,False,False,False,False,False,False,False,False,False,False,False,False,False,False,False,False,False,False,False,False,False,False,False,training_373,0,training,0,unlabeled,6a6b7dddff0fe74e679d0d73,2026-08-12T18:19:51.364203,True
,0.14343640208244324,0.43979939818382263,0.14936718344688416,0.4556810259819031,0.0,0.0,0.006832376588135958,0.002998221665620804,0.007627564948052168,0.24550127983093262,0.00045117599074728787,0.24065914750099182,0.0,0.0,0.20718830823898315,0.0,0.0,0.0,0.0,0.0,57.37156677246094,49.66979217529297,81.5123062133789,58.14585876464844,70.2097396850586,67.29231262207031,10.241556167602539,49.07398223876953,44.48528289794922,10.530233383178711,23.224544525146484,37.155487060546875,3.9564132690429688,55.17353820800781,23.93183708190918,22.98111915588379,2.051877975463867,1.861572265625,18.553829193115234,380.0,0.25244140625,0.07421875,0.37158203125,0.0,0.0,0.004596710205078125,0.0003132820129394531,0.00374603271484375,0.10919189453125,0.0004329681396484375,0.055877685546875,0.0,0.0,0.11431884765625,0.0,0.0,0.0,0.0,0.0,0.01346588134765625,KITTI/data_semantics/training/image_2/000134_10.png,Karlsruhe,kitti,281.0,50.78125,6.109375,19.5,10.8125,0.1710205078125,0.2701399326324463,0.3525743782520294,1.0,0.0,0.7135568261146545,-0.7528577446937561,1.0048828125,-1.841796875,False,False,False,False,False,False,False,False,False,False,False,False,False,False,False,False,False,False,False,False,False,False,False,False,False,False,False,False,False,False,training_380,0,training,0,unlabeled,6a6b7dddff0fe74e679d0d73,2026-08-12T18:20:06.549320,True
,0.14173327386379242,0.3361656367778778,0.0,0.0,0.0,0.0,0.01314929872751236,0.0,0.15563370287418365,0.5685182809829712,0.18140384554862976,0.45985129475593567,0.0,0.0,0.20717529952526093,0.00017937881057150662,0.005382956471294165,0.0,0.0,0.0,78.17120361328125,55.01441955566406,77.18486785888672,62.64777374267578,52.237796783447266,56.34455871582031,8.000040054321289,28.656578063964844,63.21186828613281,49.10369110107422,32.53049850463867,44.23851776123047,5.376005172729492,28.623008728027344,19.321393966674805,10.700416564941406,3.0304431915283203,1.1717796325683594,10.76359748840332,355.0,0.262939453125,0.0,0.0,0.0,0.0,0.0074615478515625,0.0,0.0452880859375,0.359375,0.09271240234375,0.1495361328125,0.0,0.0,0.059326171875,0.0008745193481445312,0.000579833984375,0.0,0.0,0.0,0.021942138671875,KITTI/data_semantics/training/image_2/000100_10.png,Karlsruhe,kitti,281.0,50.78125,6.109375,19.5,10.8125,0.1710205078125,0.3492293655872345,0.34873223304748535,1.0,0.0,0.9108725190162659,-0.7625517845153809,1.0048828125,-1.841796875,False,False,False,False,False,False,False,False,False,False,False,False,False,False,False,False,False,False,False,False,False,False,False,False,False,False,False,False,False,False,training_355,0,training,0,unlabeled,6a6b7dddff0fe74e679d0d73,2026-08-12T18:20:06.549320,True
,0.13832442462444305,0.48599889874458313,0.11499252915382385,0.2840921878814697,0.0,0.0,0.007824055850505829,0.0040222457610070705,0.01950492151081562,0.384054571390152,0.05812665447592735,0.3073153793811798,0.0,0.0,0.2221655696630478,0.0,0.0,0.0,0.0,0.0,62.73660659790039,55.793235778808594,82.4106674194336,63.586761474609375,68.49775695800781,71.27518463134766,15.05584716796875,47.49321746826172,50.440216064453125,12.026786804199219,18.88866424560547,42.116310119628906,1.3407707214355469,27.402210235595703,23.36287498474121,19.068241119384766,3.5852432250976562,1.0447978973388672,11.989545822143555,386.0,0.304931640625,0.06414794921875,0.234130859375,0.0,0.0,0.00557708740234375,0.0006055831909179688,0.0092620849609375,0.1937255859375,0.01043701171875,0.05804443359375,0.0,0.0,0.060882568359375,0.0,0.0,0.0,0.0,0.0,0.05828857421875,KITTI/data_semantics/training/image_2/000139_10.png,Karlsruhe,kitti,281.0,50.78125,6.109375,19.5,10.8125,0.1710205078125,0.2717253863811493,0.36107543110847473,1.0,0.0,0.711544394493103,-0.7304771542549133,1.0048828125,-1.841796875,False,False,False,False,False,False,False,False,False,False,False,False,False,False,False,False,False,False,False,False,False,False,False,False,False,False,False,False,False,False,training_386,0,training,0,unlabeled,6a6b7dddff0fe74e679d0d73,2026-08-12T18:19:59.137396,True
,0.1373938024044037,0.42301371693611145,0.10884644091129303,0.0823465883731842,0.0,0.021135684102773666,0.0365900993347168,0.0,0.015809012576937675,0.44412505626678467,0.1598818451166153,0.500920295715332,0.0,0.014223643578588963,0.0787326917052269,0.0,0.0,0.0,0.0,0.0013486883835867047,62.78982162475586,70.78132629394531,56.755733489990234,73.49900817871094,74.47533416748047,61.160614013671875,13.074684143066406,34.444854736328125,62.514495849609375,43.09988021850586,28.07784080505371,30.390119552612305,3.368663787841797,22.433996200561523,14.138936996459961,12.241792678833008,7.753419876098633,0.2506256103515625,12.267875671386719,349.0,0.268798828125,0.0770263671875,0.046783447265625,0.0,0.0157470703125,0.0223846435546875,0.0,0.005481719970703125,0.278076171875,0.07171630859375,0.1407470703125,0.0,0.000484466552734375,0.017669677734375,0.0009679794311523438,0.0,0.0,0.0,0.00017070770263671875,0.05401611328125,KITTI/data_semantics/training/image_2/000088_10.png,Karlsruhe,kitti,281.0,50.78125,6.109375,19.5,10.8125,0.1710205078125,0.33640390634536743,0.35446810722351074,1.0,0.0,0.8753188252449036,-0.7475793361663818,1.0048828125,-1.841796875,False,False,False,False,False,False,False,False,False,False,False,False,False,False,False,False,False,False,False,False,False,False,False,False,False,False,False,False,False,False,training_349,0,training,0,unlabeled,6a6b7dddff0fe74e679d0d73,2026-08-12T18:20:13.940653,True
,0.14712485671043396,0.5081758499145508,0.16227656602859497,0.0038937495555728674,0.0,0.0,0.033424559980630875,0.0816984623670578,0.052981436252593994,0.603599488735199,0.10677552223205566,0.3248879611492157,0.0,0.00516299856826663,0.1980845034122467,0.0,0.0,0.0,0.0,0.0,57.92327117919922,57.720611572265625,66.54595947265625,69.09031677246094,66.50109100341797,58.455230712890625,21.036672592163086,33.69068908691406,60.9302978515625,43.46012878417969,30.844974517822266,54.09135818481445,4.305267333984375,18.14718246459961,10.739374160766602,3.5270214080810547,1.4403820037841797,0.7287502288818359,17.57950782775879,292.0,0.29443359375,0.09368896484375,0.002590179443359375,0.0,0.0,0.01953125,0.017578125,0.01788330078125,0.36767578125,0.046661376953125,0.1004638671875,0.0,0.0003933906555175781,0.03594970703125,0.0,0.0,0.0,0.0,0.0002713203430175781,0.0028972625732421875,KITTI/data_semantics/training/image_2/000010_10.png,Karlsruhe,kitti,281.0,50.78125,6.109375,19.5,10.8125,0.1710205078125,0.3074501156806946,0.3526577949523926,1.0,0.0,0.8104063272476196,-0.7524778842926025,1.0048828125,-1.841796875,False,False,False,False,False,False,False,False,False,False,False,False,False,False,False,False,False,False,False,False,False,False,False,False,False,False,False,False,False,False,training_292,0,training,0,unlabeled,6a6b7dddff0fe74e679d0d73,2026-08-12T18:20:13.940653,True
,0.13162726163864136,0.25584232807159424,0.05430697649717331,0.2875415086746216,0.006678907200694084,0.0,0.011313908733427525,0.0027334257028996944,0.0144191337749362,0.39774468541145325,0.23523429036140442,0.346066415309906,0.0008404991240240633,0.0,0.22398699820041656,0.0,0.0,0.0,0.0,0.0,60.84089279174805,48.80938720703125,66.47476959228516,68.0174331665039,70.25375366210938,69.96659851074219,11.321592330932617,51.62849426269531,60.41364669799805,35.958526611328125,18.837928771972656,36.87620162963867,0.9870529174804688,62.901878356933594,10.657644271850586,8.175325393676758,1.8886089324951172,1.413583755493164,17.363309860229492,387.0,0.1558837890625,0.0265045166015625,0.191162109375,0.004543304443359375,0.0,0.0079193115234375,0.0003094673156738281,0.0074462890625,0.240234375,0.08746337890625,0.065185546875,0.00030994415283203125,0.0,0.140869140625,0.0,0.0,0.0,0.0,0.0,0.07208251953125,KITTI/data_semantics/training/image_2/000124_10.png,Karlsruhe,kitti,281.0,50.78125,6.109375,19.5,10.8125,0.1710205078125,0.28880998492240906,0.34116673469543457,1.0,0.0,0.7562399506568909,-0.7817494869232178,1.0048828125,-1.841796875,False,False,False,False,False,False,False,False,False,False,False,False,False,False,False,False,False,False,False,False,False,False,False,False,False,False,False,False,False,False,training_387,0,training,0,unlabeled,6a6b7dddff0fe74e679d0d73,2026-08-12T18:19:51.364203,True
,0.14656591415405273,0.5188692212104797,0.13448990881443024,0.25161096453666687,0.0,0.020915130153298378,0.015476375818252563,0.0,0.006143854930996895,0.4454245865345001,0.13389624655246735,0.3121541142463684,0.025574583560228348,0.0,0.14996351301670074,0.0,0.0,0.0,0.0,0.03820481523871422,52.411224365234375,61.72161102294922,70.23796844482422,90.65370178222656,85.75492095947266,58.7127685546875,10.015344619750977,32.100341796875,61.18059158325195,23.96717071533203,15.888404846191406,33.58306884765625,3.4543991088867188,28.287649154663086,5.56950569152832,13.216447830200195,4.48451042175293,0.6248950958251953,12.772607803344727,297.0,0.28564453125,0.0833740234375,0.1767578125,0.0,0.0179290771484375,0.00908660888671875,0.0,0.001972198486328125,0.2724609375,0.0321044921875,0.049591064453125,0.0085906982421875,0.0,0.04241943359375,0.0,0.0,0.0,0.0,0.004886627197265625,0.01508331298828125,KITTI/data_semantics/training/image_2/000156_10.png,Karlsruhe,kitti,281.0,50.78125,6.109375,19.5,10.8125,0.1710205078125,0.2953948378562927,0.36870571970939636,1.0,0.0,0.7620569467544556,-0.7105722427368164,1.0048828125,-1.841796875,False,False,False,False,False,False,False,False,False,False,False,False,False,False,False,False,False,False,False,False,False,False,False,False,False,False,False,False,False,False,training_297,0,training,0,unlabeled,6a6b7dddff0fe74e679d0d73,2026-08-12T18:19:51.364203,True
,0.1403600126504898,0.4908183217048645,0.21516792476177216,0.20655998587608337,0.0,0.0,0.027917226776480675,0.17917703092098236,0.0,0.4214586019515991,0.08817268908023834,0.43923419713974,0.0,0.13686418533325195,0.1630290448665619,0.01381407305598259,0.0,0.0,0.0,0.008773377165198326,47.742557525634766,55.03072738647461,80.69896697998047,69.56534576416016,74.94821166992188,75.01878356933594,20.7613468170166,48.92473220825195,57.683467864990234,15.255975723266602,14.455986022949219,41.614341735839844,2.0829200744628906,33.428810119628906,13.577890396118164,9.263038635253906,2.8532028198242188,2.3151397705078125,17.34323501586914,305.0,0.234375,0.118408203125,0.166748046875,0.0,0.0,0.0209503173828125,0.037353515625,0.0,0.2431640625,0.01467132568359375,0.0634765625,0.0,0.002948760986328125,0.05450439453125,0.004131317138671875,0.0,0.0,0.0,0.001522064208984375,0.037872314453125,KITTI/data_semantics/training/image_2/000186_10.png,Karlsruhe,kitti,281.0,50.78125,6.109375,19.5,10.8125,0.1710205078125,0.3026655316352844,0.34802553057670593,1.0,0.0,0.7899951338768005,-0.7639997601509094,1.0048828125,-1.841796875,False,False,False,False,False,False,False,False,False,False,False,False,False,False,False,False,False,False,False,False,False,False,False,False,False,False,False,False,False,False,training_305,0,training,0,unlabeled,6a6b7dddff0fe74e679d0d73,2026-08-12T18:20:13.940653,True
,0.12893041968345642,0.2749154567718506,0.1944045126438141,0.29625654220581055,0.052606694400310516,0.0,0.0033929196652024984,0.0,0.0029438300989568233,0.3181193172931671,0.006460750475525856,0.38455045223236084,0.0,0.0,0.34297794103622437,0.009139719419181347,0.0,0.0,0.0,0.0,50.7080078125,59.568359375,63.199378967285156,73.51455688476562,87.7889633178711,52.898834228515625,2.941751480102539,37.417030334472656,52.803611755371094,23.750591278076172,25.194406509399414,36.008548736572266,2.040386199951172,35.088157653808594,16.051912307739258,18.629026412963867,4.734659194946289,1.3340950012207031,32.764862060546875,347.0,0.139404296875,0.1163330078125,0.1873779296875,0.038726806640625,0.0,0.0017948150634765625,0.0,0.0011014938354492188,0.168212890625,0.0020542144775390625,0.09686279296875,0.0,0.0,0.120361328125,0.002323150634765625,0.0,0.0,0.0,0.0,0.1253662109375,KITTI/data_semantics/training/image_2/000083_10.png,Karlsruhe,kitti,281.0,50.78125,6.109375,19.5,10.8125,0.1710205078125,0.2882406711578369,0.38353702425956726,1.0,0.0,0.7551617622375488,-0.6729893088340759,1.0048828125,-1.841796875,False,False,False,False,False,False,False,False,False,False,False,False,False,False,False,False,False,False,False,False,False,False,False,False,False,False,False,False,False,False,training_347,0,training,0,unlabeled,6a6b7dddff0fe74e679d0d73,2026-08-12T18:20:13.940653,True
,0.13059674203395844,0.2510053515434265,0.0,0.013280939310789108,0.0,0.0,0.0354766920208931,0.0,0.05203027278184891,0.2259746789932251,0.5459030270576477,0.6812517642974854,0.0,0.0,0.15723581612110138,0.0,0.0,0.0,0.0,0.0,75.55918884277344,52.40068435668945,90.74344635009766,63.58599853515625,74.4781494140625,65.07521057128906,5.9040069580078125,41.71571731567383,60.43743896484375,41.24321746826172,41.951847076416016,30.39727210998535,1.0390758514404297,15.059614181518555,27.767610549926758,5.693817138671875,5.875205993652344,0.1544952392578125,8.634757995605469,351.0,0.191162109375,0.0,0.012054443359375,0.0,0.0,0.023162841796875,0.0,0.021881103515625,0.1365966796875,0.2493896484375,0.285888671875,0.0,0.0,0.023681640625,0.0006337165832519531,0.0,0.0,0.0,0.0,0.055694580078125,KITTI/data_semantics/training/image_2/000042_10.png,Karlsruhe,kitti,281.0,50.78125,6.109375,19.5,10.8125,0.1710205078125,0.27263084053993225,0.500164270401001,1.0,0.0,0.7288362979888916,-0.37380266189575195,1.0048828125,-1.841796875,False,False,False,False,False,False,False,False,False,False,False,False,False,False,False,False,False,False,False,False,False,False,False,False,False,False,False,False,False,False,training_351,0,training,0,unlabeled,6a6b7dddff0fe74e679d0d73,2026-08-12T18:19:16.152850,True
,0.13477544486522675,0.2605895698070526,0.014316048473119736,0.07134833186864853,0.0,0.0,0.015974516049027443,0.007163236383348703,0.0004530585138127208,0.3908168375492096,0.4405481517314911,0.620151937007904,0.0,0.07884562015533447,0.09203043580055237,0.0021804585121572018,0.0,0.0,0.0,0.017053434625267982,67.24882507324219,43.84927749633789,75.42891693115234,68.73860168457031,83.01158142089844,69.14124298095703,4.6695709228515625,38.205101013183594,69.88959503173828,49.58057403564453,27.502918243408203,20.060205459594727,1.5781879425048828,36.09461975097656,12.115240097045898,7.627534866333008,11.635017395019531,0.20918846130371094,15.515756607055664,332.0,0.17529296875,0.0093231201171875,0.053802490234375,0.0,0.0,0.01104736328125,0.0004363059997558594,0.00017404556274414062,0.273193359375,0.2198486328125,0.1705322265625,0.0,0.00284576416015625,0.03326416015625,0.00026416778564453125,0.0,0.0,0.0,0.0026454925537109375,0.04718017578125,KITTI/data_semantics/training/image_2/000035_10.png,Karlsruhe,kitti,281.0,50.78125,6.109375,19.5,10.8125,0.1710205078125,0.29884088039398193,0.3838671147823334,1.0,0.0,0.7867870330810547,-0.6722912192344666,1.0048828125,-1.841796875,False,False,False,False,False,False,False,False,False,False,False,False,False,False,False,False,False,False,False,False,False,False,False,False,False,False,False,False,False,False,training_332,0,training,0,unlabeled,6a6b7dddff0fe74e679d0d73,2026-08-12T18:20:06.549320,True
,0.13974164426326752,0.5419783592224121,0.10901913791894913,0.2512436509132385,0.0,0.013820426538586617,0.02372802048921585,0.01695716753602028,0.010128764435648918,0.3958244025707245,0.2047494351863861,0.2699498236179352,0.00018761081446427852,0.0,0.1383420079946518,0.0,0.0,0.0,0.0001400756445946172,0.0,59.71379089355469,50.46410369873047,78.89399719238281,67.2688980102539,77.77519226074219,71.51546478271484,19.965267181396484,58.21199417114258,55.921791076660156,20.30010223388672,22.597980499267578,51.340911865234375,1.606130599975586,25.70209503173828,11.59811019897461,6.63294792175293,0.8313655853271484,1.343536376953125,14.903879165649414,311.0,0.324951171875,0.0631103515625,0.198486328125,0.0,0.01074981689453125,0.0169677734375,0.0033855438232421875,0.00688934326171875,0.2213134765625,0.04168701171875,0.061004638671875,9.632110595703125e-05,0.0,0.035552978515625,0.0,0.0,0.0,0.00018310546875,0.0,0.015625,KITTI/data_semantics/training/image_2/000130_10.png,Karlsruhe,kitti,281.0,50.78125,6.109375,19.5,10.8125,0.1710205078125,0.2524855136871338,0.3675708472728729,1.0,0.0,0.6668465733528137,-0.7141329646110535,1.0048828125,-1.841796875,False,False,False,False,False,False,False,False,False,False,False,False,False,False,False,False,False,False,False,False,False,False,False,False,False,False,False,False,False,False,training_311,0,training,0,unlabeled,6a6b7dddff0fe74e679d0d73,2026-08-12T18:20:13.940653,True
,0.13531316816806793,0.416267454624176,0.0,0.041670843958854675,0.0,0.0,0.03550207242369652,0.00027021768619306386,0.004668109118938446,0.42856651544570923,0.3949613571166992,0.3378797769546509,0.0,0.0,0.19166813790798187,0.0,0.0,0.16820521652698517,0.0,0.0,59.324073791503906,59.417152404785156,72.76182556152344,84.91568756103516,87.32437896728516,62.395572662353516,4.406595230102539,31.256675720214844,74.9398193359375,53.00636291503906,16.772127151489258,31.11262321472168,1.5354156494140625,24.803686141967773,5.359125137329102,7.680606842041016,0.8934497833251953,0.5785465240478516,14.086103439331055,307.0,0.2469482421875,0.0,0.0303497314453125,0.0,0.0,0.022216796875,6.198883056640625e-05,0.0020809173583984375,0.3212890625,0.2095947265625,0.056732177734375,0.0,0.0,0.047698974609375,0.0,0.0,0.00307464599609375,0.0,0.0,0.06005859375,KITTI/data_semantics/training/image_2/000097_10.png,Karlsruhe,kitti,281.0,50.78125,6.109375,19.5,10.8125,0.1710205078125,0.3171255886554718,0.3431110680103302,1.0,0.0,0.8255324363708496,-0.776740550994873,1.0048828125,-1.841796875,False,False,False,False,False,False,False,False,False,False,False,False,False,False,False,False,False,False,False,False,False,False,False,False,False,False,False,False,False,False,training_307,0,training,0,unlabeled,6a6b7dddff0fe74e679d0d73,2026-08-12T18:19:16.152850,True
,0.12397529929876328,0.21722103655338287,0.29364076256752014,0.6127060651779175,0.0,0.04362452030181885,0.005305584520101547,0.005011719651520252,0.050888899713754654,0.0,0.0,0.009784243069589138,0.06761656701564789,0.0,0.21006949245929718,0.0,0.0,0.31044456362724304,0.0,0.0,45.35398483276367,52.45676040649414,69.84400939941406,88.30943298339844,84.0565185546875,70.12014770507812,14.138460159301758,44.288063049316406,37.199974060058594,4.2255401611328125,22.710609436035156,60.07099151611328,6.131267547607422,33.671043395996094,12.907218933105469,44.768951416015625,21.843528747558594,0.3796577453613281,35.30249786376953,291.0,0.0985107421875,0.163818359375,0.428466796875,0.0,0.03668212890625,0.003719329833984375,0.0007085800170898438,0.0225372314453125,0.0,0.0,0.0022220611572265625,0.040618896484375,0.0,0.07073974609375,0.0,0.0,0.0687255859375,0.0,0.0,0.06329345703125,KITTI/data_semantics/training/image_2/000169_10.png,Karlsruhe,kitti,281.0,50.78125,6.109375,19.5,10.8125,0.1710205078125,0.3151968717575073,0.36226949095726013,1.0,0.0,0.8209738731384277,-0.7277419567108154,1.0048828125,-1.841796875,False,False,False,False,False,False,False,False,False,False,False,False,False,False,False,False,False,False,False,False,False,False,False,False,False,False,False,False,False,False,training_291,0,training,0,unlabeled,6a6b7dddff0fe74e679d0d73,2026-08-12T18:19:59.137396,True
,0.135159432888031,0.3470354378223419,0.0,0.0,0.2568962275981903,0.003295388538390398,0.0039028513710945845,0.0,0.010301684960722923,0.3881130516529083,0.0,0.707058310508728,0.000549843069165945,0.0,0.17349833250045776,0.0027047458570450544,0.0,0.0,0.0,0.0,77.68830871582031,63.92302703857422,76.98716735839844,88.06076049804688,70.0398941040039,50.64220428466797,2.187681198120117,19.162559509277344,57.311866760253906,34.04212188720703,17.87104606628418,31.296348571777344,4.156923294067383,49.59416198730469,16.58611297607422,13.995218276977539,6.138038635253906,1.8238067626953125,12.369728088378906,363.0,0.26953125,0.0,0.0,0.228271484375,0.0025386810302734375,0.00197601318359375,0.0,0.0019779205322265625,0.2230224609375,0.0,0.12646484375,0.0002765655517578125,0.0,0.0860595703125,0.0004825592041015625,0.0,0.0,0.0,0.0,0.059326171875,KITTI/data_semantics/training/image_2/000197_10.png,Karlsruhe,kitti,281.0,50.78125,6.109375,19.5,10.8125,0.1710205078125,0.33019953966140747,0.3282288610935211,1.0,0.0,0.8385019898414612,-0.813914954662323,1.0048828125,-1.841796875,False,False,False,False,False,False,False,False,False,False,False,False,False,False,False,False,False,False,False,False,False,False,False,False,False,False,False,False,False,False,training_363,0,training,0,unlabeled,6a6b7dddff0fe74e679d0d73,2026-08-12T18:19:16.152850,True
,0.1444929838180542,0.33728742599487305,0.0,5.651128958561458e-05,0.0,0.0,0.009890370070934296,0.0,0.10493146628141403,0.6259627938270569,0.1944962739944458,0.45486077666282654,0.0,0.0,0.03699914738535881,0.0,0.0,0.0,0.0,0.0,84.76133728027344,55.313682556152344,80.16014099121094,74.99723815917969,53.204872131347656,54.282188415527344,5.500507354736328,31.798982620239258,62.64991760253906,59.59339141845703,30.066919326782227,28.592395782470703,1.9840240478515625,15.085315704345703,16.1562442779541,9.7137451171875,1.2586593627929688,0.5357742309570312,9.167766571044922,333.0,0.285888671875,0.0,4.5299530029296875e-05,0.0,0.0,0.005367279052734375,0.0,0.03338623046875,0.39208984375,0.11627197265625,0.13671875,0.0,0.0,0.0057525634765625,0.0001773834228515625,0.0,0.0,0.0,0.0,0.024078369140625,KITTI/data_semantics/training/image_2/000099_10.png,Karlsruhe,kitti,281.0,50.78125,6.109375,19.5,10.8125,0.1710205078125,0.328451544046402,0.3416290581226349,1.0,0.0,0.8572158217430115,-0.7806667685508728,1.0048828125,-1.841796875,False,False,False,False,False,False,False,False,False,False,False,False,False,False,False,False,False,False,False,False,False,False,False,False,False,False,False,False,False,False,training_333,0,training,0,unlabeled,6a6b7dddff0fe74e679d0d73,2026-08-12T18:20:29.385031,True
,0.13197249174118042,0.2989351749420166,0.0,0.0,0.04976135492324829,0.04625267535448074,0.0,0.0,0.0,0.6464725136756897,0.021991223096847534,0.4149705469608307,0.0013360928278416395,0.0,0.29849520325660706,0.001605218625627458,0.0,0.0,0.0,0.0,73.8883056640625,72.58415222167969,71.382568359375,78.82643127441406,82.49869537353516,44.476318359375,1.3867855072021484,24.097871780395508,59.442474365234375,40.610694885253906,19.963741302490234,20.020055770874023,0.6717681884765625,40.360877990722656,10.243844985961914,16.263246536254883,7.628297805786133,1.233673095703125,11.890411376953125,316.0,0.2208251953125,0.0,0.0,0.0394287109375,0.03814697265625,0.0,0.0,0.0,0.38427734375,0.0194244384765625,0.0828857421875,0.0002818107604980469,0.0,0.1204833984375,0.000209808349609375,0.0,0.0,0.0,0.0,0.093994140625,KITTI/data_semantics/training/image_2/000193_10.png,Karlsruhe,kitti,281.0,50.78125,6.109375,19.5,10.8125,0.1710205078125,0.3456418812274933,0.3783428966999054,1.0,0.0,0.8957853317260742,-0.6860167384147644,1.0048828125,-1.841796875,False,False,False,False,False,False,False,False,False,False,False,False,False,False,False,False,False,False,False,False,False,False,False,False,False,False,False,False,False,False,training_316,0,training,0,unlabeled,6a6b7dddff0fe74e679d0d73,2026-08-12T18:20:13.940653,True
,0.14233841001987457,0.29535478353500366,0.08978884667158127,0.3318222761154175,0.02488016150891781,0.0030657481402158737,0.012227878905832767,0.0,0.0,0.43085071444511414,0.02034026011824608,0.17289546132087708,0.0029979990795254707,0.0,0.3260323107242584,0.0,0.0,0.0,0.0,0.0,66.66712951660156,51.165008544921875,73.337646484375,79.23149871826172,83.89663696289062,56.58545684814453,6.437540054321289,39.88041687011719,59.030723571777344,6.459617614746094,15.286493301391602,29.3609619140625,4.979944229125977,60.149383544921875,12.961387634277344,17.843198776245117,2.417612075805664,5.706453323364258,27.16207504272461,375.0,0.197021484375,0.0484619140625,0.244140625,0.01971435546875,0.00257110595703125,0.00701141357421875,0.0,0.0,0.25439453125,0.0025234222412109375,0.02642822265625,0.0008802413940429688,0.0,0.1961669921875,0.0,0.0,0.0,0.0,0.0,0.0007801055908203125,KITTI/data_semantics/training/image_2/000132_10.png,Karlsruhe,kitti,281.0,50.78125,6.109375,19.5,10.8125,0.1710205078125,0.29073914885520935,0.3450890779495239,1.0,0.0,0.7577788233757019,-0.7718581557273865,1.0048828125,-1.841796875,False,False,False,False,False,False,False,False,False,False,False,False,False,False,False,False,False,False,False,False,False,False,False,False,False,False,False,False,False,False,training_375,0,training,0,unlabeled,6a6b7dddff0fe74e679d0d73,2026-08-12T18:20:06.549320,True
,0.14453914761543274,0.37997061014175415,0.0,0.0,0.07764145731925964,0.010006513446569443,0.0,0.0,0.0,0.7136733531951904,0.0927015021443367,0.31519758701324463,0.0,0.0,0.21041209995746613,0.0012008287012577057,0.0,0.0,0.0,0.0,68.44878387451172,62.60009002685547,70.73106384277344,77.88276672363281,86.67545318603516,48.34623336791992,1.0701656341552734,20.71967124938965,62.2981071472168,34.32087707519531,19.907045364379883,24.46465492248535,0.4988670349121094,43.683387756347656,11.971569061279297,15.777301788330078,3.8570404052734375,1.7411231994628906,9.527921676635742,353.0,0.260009765625,0.0,0.0,0.0606689453125,0.00867462158203125,0.0,0.0,0.0,0.4453125,0.035003662109375,0.062744140625,0.0,0.0,0.0919189453125,0.0003495216369628906,0.0,0.0,0.0,0.0,0.035247802734375,KITTI/data_semantics/training/image_2/000194_10.png,Karlsruhe,kitti,281.0,50.78125,6.109375,19.5,10.8125,0.1710205078125,0.32960623502731323,0.35173463821411133,1.0,0.0,0.8652338981628418,-0.7549236416816711,1.0048828125,-1.841796875,False,False,False,False,False,False,False,False,False,False,False,False,False,False,False,False,False,False,False,False,False,False,False,False,False,False,False,False,False,False,training_353,0,training,0,unlabeled,6a6b7dddff0fe74e679d0d73,2026-08-12T18:19:16.152850,True
,0.14251895248889923,0.3053979277610779,0.08883750438690186,0.177204892039299,0.0,0.0,0.021343844011425972,0.0,0.002520074835047126,0.526086151599884,0.5538224577903748,0.088682621717453,0.0003438931598793715,0.0,0.06198195368051529,0.0,0.0,0.0,0.0,0.0,57.047080993652344,56.60319519042969,67.238525390625,93.86033630371094,98.952392578125,55.8192253112793,4.264736175537109,38.88378143310547,76.558349609375,36.49372863769531,8.643198013305664,38.123416900634766,3.025531768798828,35.816810607910156,4.908466339111328,3.509855270385742,1.7382144927978516,0.6661891937255859,13.62771987915039,398.0,0.1744384765625,0.05029296875,0.11920166015625,0.0,0.0,0.0120849609375,0.0,0.000980377197265625,0.40283203125,0.202880859375,0.007808685302734375,0.0002079010009765625,0.0,0.0222015380859375,0.0,0.0,0.0,0.0,0.0,0.007152557373046875,KITTI/data_semantics/training/image_2/000142_10.png,Karlsruhe,kitti,281.0,50.78125,6.109375,19.5,10.8125,0.1710205078125,0.29348328709602356,0.3476935923099518,1.0,0.0,0.7662428021430969,-0.7643382549285889,1.0048828125,-1.841796875,False,False,False,False,False,False,False,False,False,False,False,False,False,False,False,False,False,False,False,False,False,False,False,False,False,False,False,False,False,False,training_398,0,training,0,unlabeled,6a6b7dddff0fe74e679d0d73,2026-08-12T18:19:51.364203,True
,0.14403070509433746,0.3305820822715759,0.12486929446458817,0.6398125886917114,0.0,0.0,0.0028720246627926826,0.0,0.0021682593505829573,0.18509115278720856,0.0,0.08401312679052353,0.0,0.0,0.07259271293878555,0.0,0.0,0.0,0.0,0.0,57.934234619140625,57.457542419433594,90.3779525756836,72.05038452148438,65.2701416015625,80.6895751953125,9.955549240112305,30.43651580810547,44.47369384765625,3.3679962158203125,41.34440612792969,23.3426570892334,2.0378589630126953,40.76447296142578,32.143592834472656,17.286252975463867,2.595806121826172,1.3613224029541016,15.781831741333008,377.0,0.1915283203125,0.07177734375,0.58056640625,0.0,0.0,0.0023193359375,0.0,0.000659942626953125,0.08233642578125,0.0,0.03472900390625,0.0,0.0,0.0295867919921875,0.0,0.0,0.0,0.0,0.0,0.006343841552734375,KITTI/data_semantics/training/image_2/000085_10.png,Karlsruhe,kitti,281.0,50.78125,6.109375,19.5,10.8125,0.1710205078125,0.3486044704914093,0.48166605830192566,1.0,0.0,0.9052531123161316,-0.42065247893333435,1.0048828125,-1.841796875,False,False,False,False,False,False,False,False,False,False,False,False,False,False,False,False,False,False,False,False,False,False,False,False,False,False,False,False,False,False,training_377,0,training,0,unlabeled,6a6b7dddff0fe74e679d0d73,2026-08-12T18:20:13.940653,True
,0.14745886623859406,0.31046488881111145,0.0,0.0,0.0035793264396488667,0.0,0.0023616172838956118,0.0,0.005055258050560951,0.6154504418373108,0.26441890001296997,0.42008933424949646,0.0,0.0,0.06650310754776001,0.05956725776195526,0.0,0.0,0.0,0.0,91.22290802001953,55.66477966308594,76.42869567871094,66.92642974853516,50.163414001464844,45.89414596557617,4.820060729980469,18.544292449951172,63.498592376708984,46.81945037841797,34.454490661621094,37.210845947265625,5.553245544433594,23.6330509185791,13.38510513305664,9.741973876953125,1.9180774688720703,0.32906532287597656,12.101221084594727,326.0,0.283447265625,0.0,0.0,0.0024280548095703125,0.0,0.001087188720703125,0.0,0.0009374618530273438,0.390869140625,0.125244140625,0.144775390625,0.0,0.0,0.0157318115234375,0.00901031494140625,0.0,0.0,0.0,0.0,0.02655029296875,KITTI/data_semantics/training/image_2/000101_10.png,Karlsruhe,kitti,281.0,50.78125,6.109375,19.5,10.8125,0.1710205078125,0.34918665885925293,0.34142979979515076,1.0,0.0,0.9103929400444031,-0.7812702059745789,1.0048828125,-1.841796875,False,False,False,False,False,False,False,False,False,False,False,False,False,False,False,False,False,False,False,False,False,False,False,False,False,False,False,False,False,False,training_326,0,training,0,unlabeled,6a6b7dddff0fe74e679d0d73,2026-08-12T18:20:13.940653,True
,0.13817189633846283,0.5055384039878845,0.05652972683310509,0.04700585454702377,0.0,0.023253241553902626,0.039316125214099884,0.06714825332164764,0.03393116965889931,0.27635741233825684,0.11637712270021439,0.6022171974182129,0.0,0.0,0.200723797082901,0.0,0.0,0.0,0.0,0.0,66.05615234375,66.48130798339844,69.6329116821289,54.94728088378906,58.635616302490234,60.50567626953125,20.414161682128906,37.38117218017578,51.40747833251953,30.87301254272461,43.416358947753906,31.684398651123047,3.334951400756836,29.079484939575195,34.90266799926758,17.960119247436523,8.163166046142578,2.019357681274414,12.189722061157227,324.0,0.334228515625,0.037628173828125,0.032745361328125,0.0,0.01363372802734375,0.0238189697265625,0.01380157470703125,0.0126800537109375,0.14208984375,0.037353515625,0.261474609375,0.0,0.0,0.058380126953125,0.0,0.0,0.0,0.0,0.0,0.03216552734375,KITTI/data_semantics/training/image_2/000115_10.png,Karlsruhe,kitti,281.0,50.78125,6.109375,19.5,10.8125,0.1710205078125,0.35148873925209045,0.5313559174537659,1.0,0.0,0.9174131155014038,-0.2931119203567505,1.0048828125,-1.841796875,False,False,False,False,False,False,False,False,False,False,False,False,False,False,False,False,False,False,False,False,False,False,False,False,False,False,False,False,False,False,training_324,0,training,0,unlabeled,6a6b7dddff0fe74e679d0d73,2026-08-12T18:20:06.549320,True
,0.14726416766643524,0.39149215817451477,0.0,0.016574963927268982,0.0,0.0,0.013767278753221035,0.011271177791059017,0.00322381011210382,0.4504193365573883,0.28242814540863037,0.6934596300125122,5.044174486101838e-06,0.0,0.12411754578351974,0.10001412034034729,0.0,0.0,0.0,0.0,81.37770080566406,53.67774963378906,61.27967834472656,66.59059143066406,58.946800231933594,70.43070983886719,14.173030853271484,35.67609786987305,60.29133605957031,52.956295013427734,26.890230178833008,37.79120635986328,2.5962352752685547,20.3916072845459,19.86861228942871,3.5390853881835938,1.3541221618652344,0.7058143615722656,6.423282623291016,371.0,0.318603515625,0.0,0.010162353515625,0.0,0.0,0.00970458984375,0.0016345977783203125,0.0011501312255859375,0.27197265625,0.149658203125,0.1865234375,0.00021886825561523438,0.0,0.0253143310546875,0.02044677734375,0.0,0.0,0.0,0.0,0.004848480224609375,KITTI/data_semantics/training/image_2/000071_10.png,Karlsruhe,kitti,281.0,50.78125,6.109375,19.5,10.8125,0.1710205078125,0.28202685713768005,0.359156996011734,1.0,0.0,0.74260014295578,-0.7354784607887268,1.0048828125,-1.841796875,False,False,False,False,False,False,False,False,False,False,False,False,False,False,False,False,False,False,False,False,False,False,False,False,False,False,False,False,False,False,training_371,0,training,0,unlabeled,6a6b7dddff0fe74e679d0d73,2026-08-12T18:20:06.549320,True
,0.14125339686870575,0.28368812799453735,0.14165498316287994,0.003736785613000393,0.0,0.006124935578554869,0.03696800768375397,0.002791881561279297,0.0007450139964930713,0.6878186464309692,0.11065655946731567,0.5842074155807495,0.01368296891450882,0.0,0.12746895849704742,0.0,0.029438355937600136,0.0,0.0,0.0,71.96688842773438,68.63551330566406,61.429500579833984,78.13539123535156,85.30941009521484,62.2859001159668,6.968069076538086,33.665992736816406,67.44651794433594,47.50404357910156,16.290807723999023,39.121437072753906,3.7343502044677734,17.93980598449707,6.355094909667969,2.9132843017578125,2.605104446411133,0.3162860870361328,18.70884895324707,317.0,0.204345703125,0.09747314453125,0.00229644775390625,0.0,0.005229949951171875,0.023162841796875,0.00019788742065429688,0.00025081634521484375,0.4638671875,0.055999755859375,0.10809326171875,0.005352020263671875,0.0,0.02294921875,0.0,0.0018157958984375,0.0,0.0,0.0,0.00885772705078125,KITTI/data_semantics/training/image_2/000033_10.png,Karlsruhe,kitti,281.0,50.78125,6.109375,19.5,10.8125,0.1710205078125,0.3206211030483246,0.3429023325443268,1.0,0.0,0.8367156386375427,-0.7771871089935303,1.0048828125,-1.841796875,False,False,False,False,False,False,False,False,False,False,False,False,False,False,False,False,False,False,False,False,False,False,False,False,False,False,False,False,False,False,training_317,0,training,0,unlabeled,6a6b7dddff0fe74e679d0d73,2026-08-12T18:19:59.137396,True
,0.13846352696418762,0.17718984186649323,0.06896915286779404,0.00046757416566833854,0.0,0.0,0.011801901273429394,0.0030472585931420326,0.007173063233494759,0.41199272871017456,0.2882227301597595,0.6568323969841003,0.0,0.0,0.2970917522907257,0.0024077901616692543,0.0,0.0,0.0,0.0,81.85515594482422,65.1457290649414,66.89958190917969,67.8763427734375,68.18299102783203,59.67988967895508,6.400060653686523,22.11623191833496,65.57445526123047,37.637664794921875,43.01085662841797,24.59397315979004,2.6319026947021484,40.43540954589844,23.73199462890625,22.02005386352539,4.210090637207031,0.7741928100585938,6.226921081542969,336.0,0.1451416015625,0.044921875,0.00031280517578125,0.0,0.0,0.00704193115234375,0.00019502639770507812,0.0016574859619140625,0.270263671875,0.1148681640625,0.282470703125,0.0,0.0,0.1201171875,0.0007009506225585938,0.0,0.0,0.0,0.0,0.01224517822265625,KITTI/data_semantics/training/image_2/000077_10.png,Karlsruhe,kitti,281.0,50.78125,6.109375,19.5,10.8125,0.1710205078125,0.3807765245437622,0.5625666379928589,1.0,0.0,0.9898064732551575,-0.21261274814605713,1.0048828125,-1.841796875,False,False,False,False,False,False,False,False,False,False,False,False,False,False,False,False,False,False,False,False,False,False,False,False,False,False,False,False,False,False,training_336,0,training,0,unlabeled,6a6b7dddff0fe74e679d0d73,2026-08-12T18:20:29.385031,True
,0.14381127059459686,0.41108790040016174,0.03505854681134224,0.0,0.0,0.0,0.02016608789563179,0.017401598393917084,0.03266773000359535,0.5449001789093018,0.22560542821884155,0.5148435831069946,0.0,0.0,0.08504664152860641,0.003550969297066331,0.0,0.0,0.0,0.0,75.09274291992188,61.62281036376953,82.54122924804688,68.23277282714844,64.08839416503906,58.42790603637695,7.20829963684082,25.803709030151367,59.73377227783203,42.83576202392578,37.23182678222656,31.76112174987793,2.1149635314941406,28.443098068237305,23.11077117919922,9.88469123840332,0.5488872528076172,0.4242897033691406,9.710931777954102,340.0,0.308837890625,0.0216064453125,0.0,0.0,0.0,0.011810302734375,0.0012664794921875,0.00861358642578125,0.325439453125,0.09716796875,0.191650390625,0.0,0.0,0.0242156982421875,0.000949859619140625,0.0,0.0,0.0,0.0,0.00843048095703125,KITTI/data_semantics/training/image_2/000076_10.png,Karlsruhe,kitti,281.0,50.78125,6.109375,19.5,10.8125,0.1710205078125,0.37592440843582153,0.5346514582633972,1.0,0.0,0.9778532385826111,-0.2844487130641937,1.0048828125,-1.841796875,False,False,False,False,False,False,False,False,False,False,False,False,False,False,False,False,False,False,False,False,False,False,False,False,False,False,False,False,False,False,training_340,0,training,0,unlabeled,6a6b7dddff0fe74e679d0d73,2026-08-12T18:19:51.364203,True
,0.14440865814685822,0.4514451026916504,0.06609620153903961,0.20200568437576294,0.0,0.005368848331272602,0.017560536041855812,0.0,0.0,0.35009634494781494,0.26218727231025696,0.3474682867527008,0.0,0.0,0.21605820953845978,0.0,0.0,0.0,0.0,0.0,65.43521881103516,46.46158218383789,64.43305206298828,62.28404235839844,64.63995361328125,66.6688461303711,11.753177642822266,38.0848388671875,59.734580993652344,34.25788879394531,38.90948486328125,35.18147277832031,2.2857666015625,34.62362289428711,22.16649055480957,10.410881042480469,0.9464263916015625,2.4878501892089844,18.26920509338379,302.0,0.29541015625,0.03131103515625,0.130126953125,0.0,0.00347137451171875,0.01172637939453125,0.0,0.0,0.21044921875,0.09014892578125,0.13525390625,0.0,0.0,0.0748291015625,0.0,0.0,0.0,0.0,0.0,0.0173187255859375,KITTI/data_semantics/training/image_2/000087_10.png,Karlsruhe,kitti,281.0,50.78125,6.109375,19.5,10.8125,0.1710205078125,0.30046382546424866,0.38751348853111267,1.0,0.0,0.7875362634658813,-0.6627658009529114,1.0048828125,-1.841796875,False,False,False,False,False,False,False,False,False,False,False,False,False,False,False,False,False,False,False,False,False,False,False,False,False,False,False,False,False,False,training_302,0,training,0,unlabeled,6a6b7dddff0fe74e679d0d73,2026-08-12T18:19:59.137396,True
,0.13629169762134552,0.4778595566749573,0.0028351754881441593,0.09380380809307098,0.0032165509182959795,0.0,0.01708480902016163,0.0,0.0,0.5518596172332764,0.2758737802505493,0.44460001587867737,0.0005393920000642538,0.0,0.03803756460547447,0.0,0.0,0.057326577603816986,0.0,0.0,57.21426010131836,71.20552062988281,63.80152893066406,83.19502258300781,87.506103515625,53.559303283691406,6.423377990722656,32.27243423461914,67.8394775390625,47.59511947631836,22.1346378326416,49.4171142578125,8.113861083984375,19.14992332458496,4.797887802124023,5.677700042724609,2.5428295135498047,0.11777877807617188,22.03969955444336,354.0,0.274169921875,0.002063751220703125,0.059844970703125,0.0026760101318359375,0.0,0.00914764404296875,0.0,0.0,0.374267578125,0.13134765625,0.098388671875,0.0002665519714355469,0.0,0.00728607177734375,0.0,0.0,0.00232696533203125,0.0,0.0,0.038055419921875,KITTI/data_semantics/training/image_2/000109_10.png,Karlsruhe,kitti,281.0,50.78125,6.109375,19.5,10.8125,0.1710205078125,0.3017197251319885,0.35842642188072205,1.0,0.0,0.7876836061477661,-0.7373566627502441,1.0048828125,-1.841796875,False,False,False,False,False,False,False,False,False,False,False,False,False,False,False,False,False,False,False,False,False,False,False,False,False,False,False,False,False,False,training_354,0,training,0,unlabeled,6a6b7dddff0fe74e679d0d73,2026-08-12T18:19:16.152850,True
,0.12978768348693848,0.30977874994277954,0.0,0.04379137232899666,0.0,0.0,0.0088720778003335,0.008041834458708763,0.0023413035087287426,0.40479862689971924,0.3000662624835968,0.32046180963516235,0.0,0.0,0.3411386013031006,0.12979206442832947,0.0,0.0,0.0,0.0,60.157203674316406,54.41770553588867,65.7032470703125,86.922119140625,82.05905151367188,59.90509796142578,8.056831359863281,35.460426330566406,73.2828598022461,61.81330871582031,17.973852157592773,22.928857803344727,1.3592720031738281,43.50609588623047,14.289331436157227,16.417264938354492,0.49610137939453125,0.02803802490234375,10.591554641723633,334.0,0.1865234375,0.0,0.028778076171875,0.0,0.0,0.005313873291015625,0.0007805824279785156,0.001007080078125,0.296630859375,0.185546875,0.0576171875,0.0,0.0,0.1484375,0.019317626953125,0.0,0.001125335693359375,0.0,0.0,0.0689697265625,KITTI/data_semantics/training/image_2/000090_10.png,Karlsruhe,kitti,281.0,50.78125,6.109375,19.5,10.8125,0.1710205078125,0.3292437791824341,0.3244397044181824,1.0,0.0,0.8572331070899963,-0.8248441815376282,1.0048828125,-1.841796875,False,False,False,False,False,False,False,False,False,False,False,False,False,False,False,False,False,False,False,False,False,False,False,False,False,False,False,False,False,False,training_334,0,training,0,unlabeled,6a6b7dddff0fe74e679d0d73,2026-08-12T18:20:29.385031,True
,0.13325834274291992,0.277754008769989,0.12229051440954208,0.3233145475387573,0.019991613924503326,0.0036668030079454184,0.03019667975604534,0.0,0.056946102529764175,0.28710198402404785,0.1578548550605774,0.33830586075782776,0.012079938314855099,0.0,0.24627907574176788,0.0,0.0,0.0,0.0,0.0,51.045989990234375,59.14282989501953,65.13385772705078,67.88654327392578,70.00923156738281,77.44369506835938,19.019746780395508,46.334312438964844,64.29019165039062,43.911216735839844,19.55280303955078,30.02333641052246,0.8237361907958984,44.03038024902344,11.892366409301758,6.350851058959961,4.236555099487305,0.6989479064941406,10.631370544433594,337.0,0.1419677734375,0.072998046875,0.2105712890625,0.013671875,0.0026187896728515625,0.0233917236328125,0.0,0.026641845703125,0.1845703125,0.06939697265625,0.066162109375,0.003627777099609375,0.0,0.10919189453125,0.0,0.0,0.0,0.0,0.0,0.0751953125,KITTI/data_semantics/training/image_2/000118_10.png,Karlsruhe,kitti,281.0,50.78125,6.109375,19.5,10.8125,0.1710205078125,0.2919445037841797,0.33456194400787354,1.0,0.0,0.765697181224823,-0.7988705635070801,1.0048828125,-1.841796875,False,False,False,False,False,False,False,False,False,False,False,False,False,False,False,False,False,False,False,False,False,False,False,False,False,False,False,False,False,False,training_337,0,training,0,unlabeled,6a6b7dddff0fe74e679d0d73,2026-08-12T18:19:51.364203,True
,0.13812579214572906,0.2253647744655609,0.08436258137226105,0.008809971623122692,0.0,0.0,0.006621910724788904,0.0052325548604130745,0.012362085282802582,0.37824222445487976,0.2651408612728119,0.6878883838653564,0.0,0.0,0.11735603958368301,0.002242082729935646,0.002814105013385415,0.0,0.0,0.0,83.89625549316406,60.478355407714844,64.31503295898438,63.74521255493164,60.40353775024414,65.68569946289062,7.946252822875977,29.477643966674805,61.451385498046875,47.363136291503906,47.115135192871094,31.825590133666992,2.7900218963623047,45.42093276977539,24.494266510009766,11.047172546386719,2.109527587890625,0.49114227294921875,7.116365432739258,325.0,0.1890869140625,0.051025390625,0.005733489990234375,0.0,0.0,0.004360198974609375,0.0004177093505859375,0.004184722900390625,0.232421875,0.1282958984375,0.32421875,0.0,0.0,0.0533447265625,0.0008225440979003906,0.00031757354736328125,0.0,0.0,0.0,0.005924224853515625,KITTI/data_semantics/training/image_2/000078_10.png,Karlsruhe,kitti,281.0,50.78125,6.109375,19.5,10.8125,0.1710205078125,0.36971792578697205,0.5979427099227905,1.0,0.0,0.9606578350067139,-0.12158268690109253,1.0048828125,-1.841796875,False,False,False,False,False,False,False,False,False,False,False,False,False,False,False,False,False,False,False,False,False,False,False,False,False,False,False,False,False,False,training_325,0,training,0,unlabeled,6a6b7dddff0fe74e679d0d73,2026-08-12T18:20:13.940653,True
,0.1339235156774521,0.35156670212745667,0.0,0.037734661251306534,0.0,0.0,0.033994607627391815,0.00197929167188704,0.0017863997491076589,0.4185330867767334,0.38942477107048035,0.26752373576164246,0.0,0.0,0.3894042372703552,0.0,0.0,0.0,0.0,0.0,64.31803894042969,53.05304718017578,68.14656066894531,81.64529418945312,81.89688110351562,57.86457061767578,7.709217071533203,28.670978546142578,68.13697814941406,47.43309020996094,21.391582489013672,30.525922775268555,1.3648509979248047,35.69517135620117,20.4409122467041,22.77355194091797,1.6390323638916016,0.11053085327148438,7.729101181030273,299.0,0.2264404296875,0.0,0.0257110595703125,0.0,0.0,0.0196685791015625,0.000152587890625,0.0007486343383789062,0.28515625,0.185302734375,0.058624267578125,0.0,0.0,0.1390380859375,0.0008797645568847656,0.0,0.00196075439453125,0.0,0.0,0.0562744140625,KITTI/data_semantics/training/image_2/000094_10.png,Karlsruhe,kitti,281.0,50.78125,6.109375,19.5,10.8125,0.1710205078125,0.31486645340919495,0.34742751717567444,1.0,0.0,0.8212689161300659,-0.7657646536827087,1.0048828125,-1.841796875,False,False,False,False,False,False,False,False,False,False,False,False,False,False,False,False,False,False,False,False,False,False,False,False,False,False,False,False,False,False,training_299,0,training,0,unlabeled,6a6b7dddff0fe74e679d0d73,2026-08-12T18:20:06.549320,True
,0.1358788013458252,0.5371550917625427,0.019977347925305367,0.15284697711467743,0.0049461862072348595,0.0,0.005175251979380846,0.0011364371748641133,0.00036758900387212634,0.5059852600097656,0.19101224839687347,0.5130250453948975,0.0014750384725630283,0.0,0.022774090990424156,0.0,0.0,0.11159232258796692,0.0,0.0,54.399967193603516,66.26481628417969,67.087646484375,74.28970336914062,87.30020141601562,54.923439025878906,6.629514694213867,36.833763122558594,62.3524169921875,55.29408264160156,19.26131248474121,33.199546813964844,2.4150848388671875,33.054351806640625,10.316038131713867,9.947347640991211,2.5698184967041016,0.048732757568359375,19.673871994018555,327.0,0.292236328125,0.01323699951171875,0.1025390625,0.003673553466796875,0.0,0.002841949462890625,7.534027099609375e-05,0.00020313262939453125,0.3154296875,0.1055908203125,0.09881591796875,0.0004935264587402344,0.0,0.007526397705078125,0.0,0.0,0.0041656494140625,0.0,0.0,0.052978515625,KITTI/data_semantics/training/image_2/000110_10.png,Karlsruhe,kitti,281.0,50.78125,6.109375,19.5,10.8125,0.1710205078125,0.2972230017185211,0.33867374062538147,1.0,0.0,0.77638840675354,-0.7881473898887634,1.0048828125,-1.841796875,False,False,False,False,False,False,False,False,False,False,False,False,False,False,False,False,False,False,False,False,False,False,False,False,False,False,False,False,False,False,training_327,0,training,0,unlabeled,6a6b7dddff0fe74e679d0d73,2026-08-12T18:20:06.549320,True
,0.12150268256664276,0.16827234625816345,0.17610104382038116,0.0003405743045732379,0.0,0.049486201256513596,0.10665681958198547,0.004140734672546387,0.011652807705104351,0.473725289106369,0.012566824443638325,0.4651345908641815,0.0,0.0,0.08331350982189178,0.0017889131559059024,0.0,0.05000687018036842,0.0,0.0,68.72854614257812,76.47366333007812,84.56587982177734,64.98169708251953,73.95735168457031,59.32130813598633,11.388492584228516,26.061582565307617,61.92617416381836,27.22153663635254,35.70270538330078,19.63028907775879,1.9153594970703125,22.849273681640625,19.369029998779297,16.8881893157959,8.291482925415039,0.2521038055419922,12.106657028198242,368.0,0.11566162109375,0.1348876953125,0.0002880096435546875,0.0,0.036590576171875,0.0634765625,0.0005931854248046875,0.00316619873046875,0.294921875,0.006412506103515625,0.166015625,0.0,0.0,0.01904296875,0.0004391670227050781,0.0,0.004550933837890625,0.0,0.0,0.1539306640625,KITTI/data_semantics/training/image_2/000145_10.png,Karlsruhe,kitti,281.0,50.78125,6.109375,19.5,10.8125,0.1710205078125,0.3344341814517975,0.36127588152885437,1.0,0.0,0.8759240508079529,-0.7305570244789124,1.0048828125,-1.841796875,False,False,False,False,False,False,False,False,False,False,False,False,False,False,False,False,False,False,False,False,False,False,False,False,False,False,False,False,False,False,training_368,0,training,0,unlabeled,6a6b7dddff0fe74e679d0d73,2026-08-12T18:20:29.385031,True
,0.13881009817123413,0.25995782017707825,0.0,0.013596498407423496,0.0,0.0,0.014451896771788597,0.0,0.023235099390149117,0.4501457214355469,0.43706634640693665,0.4566706717014313,0.0,0.0,0.20872172713279724,0.017252784222364426,0.0,0.0,0.0,0.0,65.87586212158203,60.84351348876953,67.16719055175781,62.78266906738281,76.61804962158203,65.47384643554688,8.315086364746094,28.69415283203125,67.54531860351562,52.123355865478516,38.4984016418457,27.570676803588867,2.027750015258789,17.52190589904785,9.659576416015625,3.866291046142578,12.221288681030273,0.5297660827636719,12.66326904296875,362.0,0.1712646484375,0.0,0.00913238525390625,0.0,0.0,0.0094757080078125,0.0,0.0066680908203125,0.303955078125,0.2347412109375,0.1759033203125,0.0,0.0,0.03680419921875,0.001667022705078125,0.0,0.0,0.0,0.0,0.05023193359375,KITTI/data_semantics/training/image_2/000038_10.png,Karlsruhe,kitti,281.0,50.78125,6.109375,19.5,10.8125,0.1710205078125,0.29281291365623474,0.358519583940506,1.0,0.0,0.7731102705001831,-0.7376087307929993,1.0048828125,-1.841796875,False,False,False,False,False,False,False,False,False,False,False,False,False,False,False,False,False,False,False,False,False,False,False,False,False,False,False,False,False,False,training_362,0,training,0,unlabeled,6a6b7dddff0fe74e679d0d73,2026-08-12T18:20:06.549320,True
,0.1433464139699936,0.23462462425231934,0.20737259089946747,0.009403637610375881,0.0,0.016076771542429924,0.02050229348242283,0.0,0.009558029472827911,0.5781722664833069,0.10910362750291824,0.6850666403770447,0.0,0.0,0.07113588601350784,0.0,0.0,0.0,0.0,0.0,81.60419464111328,67.48375701904297,60.859012603759766,73.0509262084961,81.0281753540039,57.9350471496582,6.82220458984375,28.38592529296875,70.37611389160156,50.17161560058594,19.60911750793457,27.812528610229492,1.6182899475097656,31.83879852294922,5.598735809326172,4.112148284912109,1.8527984619140625,0.14624595642089844,15.696907043457031,384.0,0.1915283203125,0.1400146484375,0.005779266357421875,0.0,0.01302337646484375,0.01187896728515625,0.0,0.002719879150390625,0.406982421875,0.0548095703125,0.13427734375,0.0,0.0,0.02264404296875,0.0,0.0,0.0,0.0,0.0,0.0164337158203125,KITTI/data_semantics/training/image_2/000029_10.png,Karlsruhe,kitti,281.0,50.78125,6.109375,19.5,10.8125,0.1710205078125,0.3567723035812378,0.3571355640888214,1.0,0.0,0.9287418127059937,-0.7406135201454163,1.0048828125,-1.841796875,False,False,False,False,False,False,False,False,False,False,False,False,False,False,False,False,False,False,False,False,False,False,False,False,False,False,False,False,False,False,training_384,0,training,0,unlabeled,6a6b7dddff0fe74e679d0d73,2026-08-12T18:20:13.940653,True
,0.1414380967617035,0.43009647727012634,0.008656834252178669,0.0,0.07440882921218872,0.013326877728104591,0.003144599962979555,0.0,0.0031021188478916883,0.6560701131820679,0.08368373662233353,0.3648056387901306,0.0,0.0,0.14071808755397797,0.005069975275546312,0.0004838409658987075,0.0,0.0,0.0,67.48495483398438,59.774635314941406,59.67278289794922,82.61933135986328,82.04379272460938,52.572486877441406,1.665353775024414,20.0747013092041,63.901615142822266,40.75598907470703,20.49427032470703,30.5203914642334,1.6350746154785156,38.377235412597656,12.911224365234375,22.568273544311523,5.175113677978516,0.5224704742431641,10.975885391235352,392.0,0.29052734375,0.00518035888671875,0.0,0.061737060546875,0.01093292236328125,0.0016536712646484375,0.0,0.0012416839599609375,0.419189453125,0.03411865234375,0.07476806640625,0.0,0.0,0.05401611328125,0.0006747245788574219,0.00011157989501953125,0.0,0.0,0.0,0.045867919921875,KITTI/data_semantics/training/image_2/000195_10.png,Karlsruhe,kitti,281.0,50.78125,6.109375,19.5,10.8125,0.1710205078125,0.3264026343822479,0.35528501868247986,1.0,0.0,0.8472755551338196,-0.7450639605522156,1.0048828125,-1.841796875,False,False,False,False,False,False,False,False,False,False,False,False,False,False,False,False,False,False,False,False,False,False,False,False,False,False,False,False,False,False,training_392,0,training,0,unlabeled,6a6b7dddff0fe74e679d0d73,2026-08-12T18:19:59.137396,True
,0.13030321896076202,0.46555548906326294,0.04615072160959244,0.2754022777080536,0.04430923983454704,0.0,0.01781725324690342,0.00023654167307540774,0.0,0.3284716308116913,0.11144489794969559,0.40410637855529785,0.0,0.0,0.06397375464439392,0.0,0.0,0.0,0.0,0.0,58.92481994628906,65.75393676757812,64.59732055664062,71.80552673339844,77.8677978515625,61.09375762939453,10.683059692382812,37.52532196044922,57.510948181152344,20.039939880371094,31.302404403686523,31.9394588470459,3.155517578125,31.859827041625977,11.18779182434082,12.455463409423828,2.054595947265625,0.7491111755371094,27.20503807067871,357.0,0.274658203125,0.0303497314453125,0.178955078125,0.031829833984375,0.0,0.01088714599609375,3.5762786865234375e-05,0.0,0.18896484375,0.046600341796875,0.1265869140625,0.0,0.0,0.0203857421875,0.0,0.0,0.0007925033569335938,0.0,0.0,0.09027099609375,KITTI/data_semantics/training/image_2/000111_10.png,Karlsruhe,kitti,281.0,50.78125,6.109375,19.5,10.8125,0.1710205078125,0.30834949016571045,0.361548513174057,1.0,0.0,0.8062351942062378,-0.7296913266181946,1.0048828125,-1.841796875,False,False,False,False,False,False,False,False,False,False,False,False,False,False,False,False,False,False,False,False,False,False,False,False,False,False,False,False,False,False,training_357,0,training,0,unlabeled,6a6b7dddff0fe74e679d0d73,2026-08-12T18:20:13.940653,True
,0.13960713148117065,0.4085163474082947,0.11799579113721848,0.31326931715011597,0.0,0.0,0.0036301929503679276,0.0024440970737487078,0.014196167699992657,0.39631879329681396,0.06177372857928276,0.27976301312446594,0.0,0.0,0.2836531102657318,0.0,0.0,0.0,0.0,0.0,66.17779541015625,49.846031188964844,80.92961120605469,61.677886962890625,64.14642333984375,71.85015869140625,15.311336517333984,53.957603454589844,49.78108215332031,10.549068450927734,20.483016967773438,42.72308349609375,2.1169185638427734,37.60962677001953,24.9697208404541,18.072986602783203,1.947927474975586,1.2429237365722656,14.997434616088867,360.0,0.270263671875,0.058868408203125,0.25341796875,0.0,0.0,0.0026092529296875,0.0004124641418457031,0.007659912109375,0.1973876953125,0.007701873779296875,0.05731201171875,0.0,0.0,0.106689453125,0.0,0.0,0.0,0.0,0.0,0.03753662109375,KITTI/data_semantics/training/image_2/000137_10.png,Karlsruhe,kitti,281.0,50.78125,6.109375,19.5,10.8125,0.1710205078125,0.2761768698692322,0.3618406355381012,1.0,0.0,0.7229496240615845,-0.7285571098327637,1.0048828125,-1.841796875,False,False,False,False,False,False,False,False,False,False,False,False,False,False,False,False,False,False,False,False,False,False,False,False,False,False,False,False,False,False,training_360,0,training,0,unlabeled,6a6b7dddff0fe74e679d0d73,2026-08-12T18:19:51.364203,True
,0.14390572905540466,0.2804654538631439,0.0,0.010230399668216705,0.0,0.0,0.00578876631334424,0.0052949353121221066,0.016780726611614227,0.3963797092437744,0.5386853218078613,0.5923860669136047,0.0,0.0,0.06729093194007874,0.0,0.0,0.0,0.0,0.0,83.74566650390625,51.774024963378906,76.7240982055664,64.28370666503906,81.49471282958984,61.05265808105469,5.005598068237305,31.887197494506836,70.1712646484375,44.646453857421875,35.270355224609375,35.627220153808594,1.0312080383300781,19.80876922607422,10.285282135009766,2.663755416870117,3.0606746673583984,0.2567291259765625,11.454248428344727,378.0,0.23486328125,0.0,0.00823211669921875,0.0,0.0,0.0035552978515625,0.0002799034118652344,0.005390167236328125,0.278076171875,0.24267578125,0.208984375,0.0,0.0,0.01332855224609375,0.0,0.0,0.0,0.0,0.0,0.004535675048828125,KITTI/data_semantics/training/image_2/000185_10.png,Karlsruhe,kitti,281.0,50.78125,6.109375,19.5,10.8125,0.1710205078125,0.2686507999897003,0.3517124652862549,1.0,0.0,0.7175849676132202,-0.7553010582923889,1.0048828125,-1.841796875,False,False,False,False,False,False,False,False,False,False,False,False,False,False,False,False,False,False,False,False,False,False,False,False,False,False,False,False,False,False,training_378,0,training,0,unlabeled,6a6b7dddff0fe74e679d0d73,2026-08-12T18:19:51.364203,True
,0.14515702426433563,0.6942773461341858,0.1354803591966629,0.44329214096069336,0.0,0.0,0.06088583916425705,0.07866784185171127,0.010822832584381104,0.19821029901504517,0.0029018851928412914,0.0885927751660347,0.0076529234647750854,0.007573109585791826,0.08942172676324844,0.0,0.0,0.0,0.0,0.011210627853870392,53.931522369384766,51.7994384765625,70.5924072265625,61.75708770751953,68.51339721679688,72.14994812011719,26.530170440673828,40.09022521972656,52.013824462890625,13.781309127807617,27.12864875793457,39.682865142822266,7.771158218383789,27.903127670288086,18.91303062438965,13.301420211791992,3.1032562255859375,4.570102691650391,25.512123107910156,350.0,0.37451171875,0.07025146484375,0.31298828125,0.0,0.0,0.043914794921875,0.0208740234375,0.004367828369140625,0.103515625,0.0006160736083984375,0.0240325927734375,0.003047943115234375,0.0006384849548339844,0.0249481201171875,0.0,0.0,0.0,0.0,0.00286102294921875,0.01337432861328125,KITTI/data_semantics/training/image_2/000149_10.png,Karlsruhe,kitti,281.0,50.78125,6.109375,19.5,10.8125,0.1710205078125,0.2577334940433502,0.3436497747898102,1.0,0.0,0.6807933449745178,-0.7759111523628235,1.0048828125,-1.841796875,False,False,False,False,False,False,False,False,False,False,False,False,False,False,False,False,False,False,False,False,False,False,False,False,False,False,False,False,False,False,training_350,0,training,0,unlabeled,6a6b7dddff0fe74e679d0d73,2026-08-12T18:20:13.940653,True
,0.1325560212135315,0.24553784728050232,0.010506374761462212,0.013662868179380894,0.0,0.0,0.009520608000457287,0.0010126152774319053,0.0006737645016983151,0.3547007143497467,0.5326052904129028,0.7354704141616821,0.0,0.0,0.16239559650421143,0.0,0.0,0.0,0.0,0.0,77.46624755859375,50.722740173339844,83.67328643798828,65.74840545654297,78.3415298461914,68.65615844726562,7.29827880859375,45.71876525878906,58.79201889038086,42.87895965576172,36.61627960205078,33.24961853027344,1.9396781921386719,16.788864135742188,22.66693115234375,4.320573806762695,7.309675216674805,0.4034996032714844,14.675617218017578,379.0,0.1903076171875,0.005558013916015625,0.0114288330078125,0.0,0.0,0.00653839111328125,8.0108642578125e-05,0.00030803680419921875,0.2086181640625,0.241455078125,0.269287109375,0.0,0.0,0.0272674560546875,0.0,0.0,0.0,0.0,0.0,0.039154052734375,KITTI/data_semantics/training/image_2/000040_10.png,Karlsruhe,kitti,281.0,50.78125,6.109375,19.5,10.8125,0.1710205078125,0.269046425819397,0.464384526014328,1.0,0.0,0.7165495157241821,-0.4655162990093231,1.0048828125,-1.841796875,False,False,False,False,False,False,False,False,False,False,False,False,False,False,False,False,False,False,False,False,False,False,False,False,False,False,False,False,False,False,training_379,0,training,0,unlabeled,6a6b7dddff0fe74e679d0d73,2026-08-12T18:20:13.940653,True
,0.13416080176830292,0.23353946208953857,0.11072471737861633,0.011402030475437641,0.0,0.0,0.02021457627415657,0.0,0.0,0.5565730333328247,0.3579661250114441,0.43958351016044617,0.0,0.0,0.049353744834661484,0.0820789560675621,0.0,0.0,0.0,0.0,61.60621643066406,61.82189178466797,71.56719970703125,80.85803985595703,83.70413970947266,64.79129791259766,7.381343841552734,22.702836990356445,75.37074279785156,41.10260009765625,27.026891708374023,44.09718322753906,1.102590560913086,17.29140281677246,8.527755737304688,11.50670051574707,8.99972915649414,0.09984970092773438,8.193492889404297,322.0,0.1444091796875,0.0684814453125,0.0081634521484375,0.0,0.0,0.01309967041015625,0.0,0.0,0.41943359375,0.154052734375,0.12060546875,0.0,0.0,0.00853729248046875,0.006999969482421875,0.0,0.0,0.0,0.0,0.05615234375,KITTI/data_semantics/training/image_2/000084_10.png,Karlsruhe,kitti,281.0,50.78125,6.109375,19.5,10.8125,0.1710205078125,0.3008335530757904,0.35128846764564514,1.0,0.0,0.7879536747932434,-0.7554648518562317,1.0048828125,-1.841796875,False,False,False,False,False,False,False,False,False,False,False,False,False,False,False,False,False,False,False,False,False,False,False,False,False,False,False,False,False,False,training_322,0,training,0,unlabeled,6a6b7dddff0fe74e679d0d73,2026-08-12T18:20:29.385031,True
,0.14240501821041107,0.5811080932617188,0.0886407420039177,0.0027383549604564905,0.0,0.0,0.07054977118968964,0.12386498600244522,0.01912679150700569,0.40448203682899475,0.07611561566591263,0.6822690367698669,0.0,0.0,0.1687566488981247,0.0,0.0,0.0,0.0,0.0,66.04218292236328,56.046630859375,79.56123352050781,65.11578369140625,67.45729064941406,68.94522094726562,17.130184173583984,41.71867370605469,48.63648223876953,26.93333625793457,33.19525909423828,42.87963104248047,5.674934387207031,10.396194458007812,22.984695434570312,12.079095840454102,2.3252487182617188,1.9925594329833984,15.209150314331055,296.0,0.3837890625,0.0496826171875,0.002178192138671875,0.0,0.0,0.04864501953125,0.0212249755859375,0.008026123046875,0.19677734375,0.0243072509765625,0.2264404296875,0.0,0.0,0.017547607421875,0.0,0.0,0.0,0.0,0.0,0.0213165283203125,KITTI/data_semantics/training/image_2/000043_10.png,Karlsruhe,kitti,281.0,50.78125,6.109375,19.5,10.8125,0.1710205078125,0.2724451720714569,0.5155476331710815,1.0,0.0,0.7264594435691833,-0.3341637849807739,1.0048828125,-1.841796875,False,False,False,False,False,False,False,False,False,False,False,False,False,False,False,False,False,False,False,False,False,False,False,False,False,False,False,False,False,False,training_296,0,training,0,unlabeled,6a6b7dddff0fe74e679d0d73,2026-08-12T18:19:59.137396,True
,0.1373046636581421,0.3869772255420685,0.0,0.0,0.0,0.016876043751835823,0.02083270624279976,0.0,0.0016761509468778968,0.7769719958305359,0.09887777268886566,0.27247437834739685,0.0,0.0,0.22069481015205383,0.0,0.0,0.0,0.0,0.0,73.34632873535156,69.36397552490234,74.84378814697266,91.37449645996094,97.13792419433594,37.9481315612793,0.41871070861816406,29.33216094970703,60.150909423828125,41.66555404663086,9.683513641357422,25.170421600341797,1.6691207885742188,44.10853576660156,4.852437973022461,5.376911163330078,5.530595779418945,0.3050804138183594,13.063192367553711,389.0,0.28759765625,0.0,0.0,0.0,0.016510009765625,0.0088348388671875,0.0,0.0038909912109375,0.46728515625,0.04119873046875,0.026397705078125,0.0,0.0,0.09735107421875,0.0,0.0,0.0,0.0,0.0,0.050872802734375,KITTI/data_semantics/training/image_2/000189_10.png,Karlsruhe,kitti,281.0,50.78125,6.109375,19.5,10.8125,0.1710205078125,0.2797960042953491,0.3233978748321533,1.0,0.0,0.7316220998764038,-0.8273040652275085,1.0048828125,-1.841796875,False,False,False,False,False,False,False,False,False,False,False,False,False,False,False,False,False,False,False,False,False,False,False,False,False,False,False,False,False,False,training_389,0,training,0,unlabeled,6a6b7dddff0fe74e679d0d73,2026-08-12T18:19:59.137396,True
,0.11256366223096848,0.37713634967803955,0.1422400027513504,0.00031848609796725214,0.0,0.04592713713645935,0.018157782033085823,0.029579458758234978,0.007015031762421131,0.35408520698547363,0.003661450231447816,0.3877982795238495,0.0,0.15558482706546783,0.03598712384700775,0.0,0.0,0.3432093560695648,0.0,0.006797770503908396,54.251434326171875,66.28746795654297,85.3403549194336,84.53717041015625,85.71768188476562,54.85491943359375,7.075071334838867,33.564186096191406,53.426788330078125,11.218833923339844,27.930879592895508,14.242362976074219,1.3396263122558594,29.791784286499023,15.106964111328125,37.857913970947266,23.580360412597656,0.06022453308105469,13.628959655761719,367.0,0.2052001953125,0.0943603515625,0.00027179718017578125,0.0,0.03936767578125,0.0100250244140625,0.002094268798828125,0.0023670196533203125,0.189208984375,0.001789093017578125,0.10833740234375,0.0,0.0020847320556640625,0.01071929931640625,0.0,0.0,0.3271484375,0.0,0.0009307861328125,0.00615692138671875,KITTI/data_semantics/training/image_2/000144_10.png,Karlsruhe,kitti,281.0,50.78125,6.109375,19.5,10.8125,0.1710205078125,0.3574008643627167,0.3774263858795166,1.0,0.0,0.9326693415641785,-0.6889329552650452,1.0048828125,-1.841796875,False,False,False,False,False,False,False,False,False,False,False,False,False,False,False,False,False,False,False,False,False,False,False,False,False,False,False,False,False,False,training_367,0,training,0,unlabeled,6a6b7dddff0fe74e679d0d73,2026-08-12T18:20:06.549320,True
,0.13127124309539795,0.3134555518627167,0.0,0.044548436999320984,0.0,0.0,0.011310039088129997,0.0037339746486395597,0.004473801702260971,0.4340384900569916,0.3314445912837982,0.3305474817752838,0.0,0.0,0.3531552851200104,0.0,0.0,0.17197273671627045,0.0,0.0,58.53748321533203,55.79009246826172,72.72262573242188,83.58440399169922,86.66305541992188,57.565975189208984,6.423425674438477,32.56425857543945,73.59757232666016,56.855628967285156,16.808223724365234,26.152706146240234,1.9124031066894531,38.63554000854492,7.774686813354492,11.335515975952148,0.9354591369628906,1.3186454772949219,15.829181671142578,290.0,0.1839599609375,0.0,0.03240966796875,0.0,0.0,0.006511688232421875,0.00023984909057617188,0.001750946044921875,0.3193359375,0.1885986328125,0.055572509765625,0.0,0.0,0.136474609375,0.00153350830078125,0.0,0.00261688232421875,0.0,0.0,0.07098388671875,KITTI/data_semantics/training/image_2/000091_10.png,Karlsruhe,kitti,281.0,50.78125,6.109375,19.5,10.8125,0.1710205078125,0.3281477987766266,0.32490968704223633,1.0,0.0,0.8539243936538696,-0.8235833048820496,1.0048828125,-1.841796875,False,False,False,False,False,False,False,False,False,False,False,False,False,False,False,False,False,False,False,False,False,False,False,False,False,False,False,False,False,False,training_290,0,training,0,unlabeled,6a6b7dddff0fe74e679d0d73,2026-08-12T18:19:16.152850,True
,0.1415141522884369,0.2088065892457962,0.0,0.004699512384831905,0.0,0.0,0.0008490111795254052,0.0,0.0,0.4867475926876068,0.4971581697463989,0.6801608800888062,0.0,0.0,0.1245485246181488,0.0,0.0,0.0,0.0,0.0,92.1620864868164,46.64411544799805,69.21958923339844,69.49420166015625,84.10892486572266,57.84735870361328,4.790067672729492,34.5271110534668,68.1051254272461,43.35498809814453,34.482383728027344,44.553611755371094,2.444028854370117,16.033077239990234,16.093969345092773,2.1269798278808594,6.267595291137695,0.07390975952148438,13.010692596435547,318.0,0.1923828125,0.0,0.003253936767578125,0.0,0.0,0.0005049705505371094,0.0,0.0,0.33154296875,0.21728515625,0.2344970703125,0.0,0.0,0.020050048828125,0.0,0.0,0.0,0.0,0.0,0.0003714561462402344,KITTI/data_semantics/training/image_2/000184_10.png,Karlsruhe,kitti,281.0,50.78125,6.109375,19.5,10.8125,0.1710205078125,0.2963999807834625,0.35459181666374207,1.0,0.0,0.7872369885444641,-0.747948408126831,1.0048828125,-1.841796875,False,False,False,False,False,False,False,False,False,False,False,False,False,False,False,False,False,False,False,False,False,False,False,False,False,False,False,False,False,False,training_318,0,training,0,unlabeled,6a6b7dddff0fe74e679d0d73,2026-08-12T18:20:13.940653,True
,0.13461261987686157,0.3522879481315613,0.0,0.04409102350473404,0.0,0.0,0.03509635105729103,0.0,0.0,0.4268837571144104,0.3740222156047821,0.2377019226551056,0.0,0.0,0.36378273367881775,0.0,0.0,0.1254950314760208,0.0,0.0,56.949615478515625,48.21324157714844,67.22068786621094,78.26419067382812,84.73176574707031,60.57982635498047,7.044792175292969,38.83738708496094,73.44007873535156,47.930049896240234,23.346376419067383,27.213573455810547,0.7720470428466797,38.526580810546875,13.217782974243164,21.54097557067871,1.2812137603759766,0.11768341064453125,10.288143157958984,304.0,0.200927734375,0.0,0.029632568359375,0.0,0.0,0.021270751953125,0.0,0.0,0.3134765625,0.1795654296875,0.05548095703125,0.0,0.0,0.14013671875,0.0,0.0,0.003314971923828125,0.0,0.0,0.05615234375,KITTI/data_semantics/training/image_2/000093_10.png,Karlsruhe,kitti,281.0,50.78125,6.109375,19.5,10.8125,0.1710205078125,0.3249630033969879,0.34436073899269104,1.0,0.0,0.8464839458465576,-0.7736112475395203,1.0048828125,-1.841796875,False,False,False,False,False,False,False,False,False,False,False,False,False,False,False,False,False,False,False,False,False,False,False,False,False,False,False,False,False,False,training_304,0,training,0,unlabeled,6a6b7dddff0fe74e679d0d73,2026-08-12T18:20:13.940653,True
,0.1318538337945938,0.3401157557964325,0.0,0.04048045352101326,0.0,0.0,0.049147918820381165,0.0013760095462203026,0.0062212091870605946,0.453555166721344,0.43533480167388916,0.2672885060310364,0.0,0.0,0.17695766687393188,0.0,0.0,0.0059572989121079445,0.0,0.0,65.13700866699219,47.81317901611328,71.46587371826172,78.52802276611328,77.14762878417969,66.36776733398438,11.158466339111328,35.70709228515625,71.97346496582031,44.815635681152344,22.46265411376953,34.84086990356445,2.4796485900878906,36.729286193847656,14.041805267333984,16.2198543548584,0.8993148803710938,0.1544475555419922,9.154891967773438,298.0,0.221923828125,0.0,0.0289306640625,0.0,0.0,0.032745361328125,0.00015354156494140625,0.00247955322265625,0.326416015625,0.1973876953125,0.060028076171875,0.0,0.0,0.06500244140625,0.0,0.0,0.00203704833984375,0.0,0.0,0.06292724609375,KITTI/data_semantics/training/image_2/000098_10.png,Karlsruhe,kitti,281.0,50.78125,6.109375,19.5,10.8125,0.1710205078125,0.31262680888175964,0.34519532322883606,1.0,0.0,0.8143664002418518,-0.7714087963104248,1.0048828125,-1.841796875,False,False,False,False,False,False,False,False,False,False,False,False,False,False,False,False,False,False,False,False,False,False,False,False,False,False,False,False,False,False,training_298,0,training,0,unlabeled,6a6b7dddff0fe74e679d0d73,2026-08-12T18:19:16.152850,True
,0.13593845069408417,0.25689029693603516,0.01303841918706894,0.013846688903868198,0.0,0.0,0.01999540627002716,0.004349722061306238,0.002718345494940877,0.32386359572410583,0.505845308303833,0.7114145159721375,0.0,0.0,0.19421882927417755,0.01853439211845398,0.0,0.0,0.0,0.0,74.94154357910156,54.5435905456543,74.7487564086914,66.93048095703125,81.98265838623047,61.45782470703125,4.483652114868164,35.310935974121094,61.71369552612305,44.782875061035156,37.561607360839844,35.17169952392578,1.7647266387939453,11.859130859375,21.415233612060547,3.857755661010742,9.694910049438477,0.2457141876220703,12.404108047485352,310.0,0.1927490234375,0.00751495361328125,0.01035308837890625,0.0,0.0,0.01230621337890625,0.00019502639770507812,0.0009598731994628906,0.1998291015625,0.2288818359375,0.267333984375,0.0,0.0,0.0230255126953125,0.003997802734375,0.0,0.0,0.0,0.0,0.052886962890625,KITTI/data_semantics/training/image_2/000039_10.png,Karlsruhe,kitti,281.0,50.78125,6.109375,19.5,10.8125,0.1710205078125,0.29109397530555725,0.43561795353889465,1.0,0.0,0.7743668556213379,-0.5398403406143188,1.0048828125,-1.841796875,False,False,False,False,False,False,False,False,False,False,False,False,False,False,False,False,False,False,False,False,False,False,False,False,False,False,False,False,False,False,training_310,0,training,0,unlabeled,6a6b7dddff0fe74e679d0d73,2026-08-12T18:19:51.364203,True
,0.13868539035320282,0.46984294056892395,0.010317172855138779,0.004977704957127571,0.0,0.0,0.021231360733509064,0.0,0.008407185785472393,0.633568525314331,0.29464995861053467,0.3788672685623169,0.0,0.0015239740023389459,0.06182055175304413,0.0002665456268005073,0.012646287679672241,0.0,0.0,0.0,63.92221450805664,63.76075744628906,75.28495788574219,73.92201232910156,71.61402893066406,59.34519958496094,10.05105972290039,32.48229217529297,61.614322662353516,44.164371490478516,28.6623477935791,41.78710174560547,5.34062385559082,32.195091247558594,6.50334358215332,13.800287246704102,2.8976917266845703,0.018787384033203125,16.78171157836914,331.0,0.300537109375,0.0066375732421875,0.0037479400634765625,0.0,0.0,0.012603759765625,0.0,0.0027313232421875,0.390380859375,0.1309814453125,0.108642578125,0.0,0.0008063316345214844,0.0198974609375,0.0011749267578125,0.0017452239990234375,0.0,0.0,0.0011615753173828125,0.0189971923828125,KITTI/data_semantics/training/image_2/000146_10.png,Karlsruhe,kitti,281.0,50.78125,6.109375,19.5,10.8125,0.1710205078125,0.3045332133769989,0.3438427448272705,1.0,0.0,0.795668363571167,-0.7750492691993713,1.0048828125,-1.841796875,False,False,False,False,False,False,False,False,False,False,False,False,False,False,False,False,False,False,False,False,False,False,False,False,False,False,False,False,False,False,training_331,0,training,0,unlabeled,6a6b7dddff0fe74e679d0d73,2026-08-12T18:20:13.940653,True
,0.13090567290782928,0.34006041288375854,0.12397170066833496,0.04536352679133415,0.0,0.0,0.010364663787186146,0.0,0.03483452647924423,0.6067669987678528,0.0,0.3945281505584717,0.0031879821326583624,0.0004454024019651115,0.018557637929916382,0.0,0.0,0.0,0.0,0.0001318555005127564,75.38151550292969,61.42559051513672,80.84163665771484,63.705780029296875,72.02620697021484,48.789405822753906,8.184289932250977,30.317306518554688,59.30352020263672,20.114517211914062,34.64393615722656,34.14759826660156,5.974817276000977,30.29932975769043,10.538721084594727,17.564868927001953,6.751871109008789,0.2964973449707031,18.08009147644043,358.0,0.256591796875,0.07623291015625,0.036712646484375,0.0,0.0,0.00505828857421875,0.0,0.01056671142578125,0.35986328125,0.0,0.13671875,0.0010890960693359375,0.0002307891845703125,0.0057830810546875,0.0,0.0,0.0,0.0,4.100799560546875e-05,0.11126708984375,KITTI/data_semantics/training/image_2/000148_10.png,Karlsruhe,kitti,281.0,50.78125,6.109375,19.5,10.8125,0.1710205078125,0.32611995935440063,0.3715102970600128,1.0,0.0,0.8515961766242981,-0.704014241695404,1.0048828125,-1.841796875,False,False,False,False,False,False,False,False,False,False,False,False,False,False,False,False,False,False,False,False,False,False,False,False,False,False,False,False,False,False,training_358,0,training,0,unlabeled,6a6b7dddff0fe74e679d0d73,2026-08-12T18:19:59.137396,True
,0.13112328946590424,0.2777389883995056,0.020242013037204742,0.00196437886916101,0.0,0.01256339717656374,0.0017205150797963142,0.0,0.037739116698503494,0.5300756096839905,0.1990775465965271,0.6452422142028809,0.0,0.0,0.06579923629760742,0.0,0.0,0.0,0.0,0.0,81.28170776367188,57.7723503112793,83.23622131347656,67.80023193359375,72.13473510742188,57.22966003417969,2.9431819915771484,38.521240234375,65.59772491455078,34.853363037109375,39.824913024902344,28.488492965698242,0.8006095886230469,39.01848602294922,23.073434829711914,25.580167770385742,2.3459434509277344,0.10051727294921875,14.391231536865234,341.0,0.225830078125,0.0117034912109375,0.0016345977783203125,0.0,0.009307861328125,0.0009984970092773438,0.0,0.01459503173828125,0.347900390625,0.07330322265625,0.25732421875,0.0,0.0,0.0256805419921875,0.0,0.0,0.0,0.0,0.0,0.03173828125,KITTI/data_semantics/training/image_2/000072_10.png,Karlsruhe,kitti,281.0,50.78125,6.109375,19.5,10.8125,0.1710205078125,0.36969509720802307,0.5494230389595032,1.0,0.0,0.9593673348426819,-0.24621252715587616,1.0048828125,-1.841796875,False,False,False,False,False,False,False,False,False,False,False,False,False,False,False,False,False,False,False,False,False,False,False,False,False,False,False,False,False,False,training_341,0,training,0,unlabeled,6a6b7dddff0fe74e679d0d73,2026-08-12T18:20:13.940653,True
,0.14090456068515778,0.7064236998558044,0.036809004843235016,0.4436500072479248,0.0,0.05529789626598358,0.033739861100912094,0.025021007284522057,0.0005445406422950327,0.13799774646759033,0.16908375918865204,0.19444899260997772,0.0,0.0,0.11514480412006378,0.0,0.0,0.0,0.0,0.0,49.99523162841797,60.72697448730469,66.66078186035156,74.33157348632812,87.843994140625,53.04741668701172,17.817306518554688,42.90776062011719,57.30743408203125,15.643548965454102,22.999143600463867,25.545787811279297,0.5464076995849609,47.117279052734375,10.015296936035156,9.59320068359375,11.674118041992188,0.29969215393066406,18.237638473510742,312.0,0.353759765625,0.0223541259765625,0.2958984375,0.0,0.048583984375,0.017913818359375,0.0044708251953125,0.00023365020751953125,0.0791015625,0.03277587890625,0.044708251953125,0.0,0.0,0.05426025390625,0.0,0.0,0.0,0.0,0.0,0.04595947265625,KITTI/data_semantics/training/image_2/000170_10.png,Karlsruhe,kitti,281.0,50.78125,6.109375,19.5,10.8125,0.1710205078125,0.2802010774612427,0.37505853176116943,1.0,0.0,0.7418676018714905,-0.6952235698699951,1.0048828125,-1.841796875,False,False,False,False,False,False,False,False,False,False,False,False,False,False,False,False,False,False,False,False,False,False,False,False,False,False,False,False,False,False,training_312,0,training,0,unlabeled,6a6b7dddff0fe74e679d0d73,2026-08-12T18:20:06.549320,True
,0.13881072402000427,0.37932348251342773,0.11995327472686768,0.2851278781890869,0.0,0.0,0.0065523297525942326,0.0031451822724193335,0.011689727194607258,0.4368031322956085,0.007504229433834553,0.26139384508132935,0.0,0.0,0.3002941310405731,0.0,0.0,0.0,0.0,0.0,67.44303894042969,55.63587951660156,86.02924346923828,52.562286376953125,60.205841064453125,70.56136322021484,16.464710235595703,54.827354431152344,44.382476806640625,8.284139633178711,20.02854347229004,42.13275909423828,2.162456512451172,48.099090576171875,28.214216232299805,21.82459831237793,2.5389671325683594,1.932382583618164,15.90127944946289,356.0,0.255859375,0.06719970703125,0.2452392578125,0.0,0.0,0.0046234130859375,0.0005178451538085938,0.00640869140625,0.19384765625,0.0012159347534179688,0.0523681640625,0.0,0.0,0.1444091796875,0.0,0.0,0.0,0.0,0.0,0.0282440185546875,KITTI/data_semantics/training/image_2/000136_10.png,Karlsruhe,kitti,281.0,50.78125,6.109375,19.5,10.8125,0.1710205078125,0.28449124097824097,0.36518168449401855,1.0,0.0,0.7413251399993896,-0.7195890545845032,1.0048828125,-1.841796875,False,False,False,False,False,False,False,False,False,False,False,False,False,False,False,False,False,False,False,False,False,False,False,False,False,False,False,False,False,False,training_356,0,training,0,unlabeled,6a6b7dddff0fe74e679d0d73,2026-08-12T18:19:16.152850,True
,0.14260724186897278,0.5768312811851501,0.0786096602678299,0.0031969293486326933,0.0,0.0,0.06830126792192459,0.12080755084753036,0.016804257407784462,0.3761596977710724,0.04621685668826103,0.6584659814834595,0.0,0.0,0.3120569586753845,0.06047322601079941,0.0,0.0,0.0,0.0,63.65294647216797,55.877113342285156,73.36921691894531,58.15458297729492,65.42110443115234,70.21317291259766,17.586612701416016,45.67146301269531,46.73504638671875,29.02069091796875,34.5672607421875,38.46478271484375,3.4659385681152344,16.350269317626953,27.283287048339844,16.870927810668945,3.2161712646484375,2.184438705444336,15.308618545532227,370.0,0.3671875,0.043914794921875,0.002346038818359375,0.0,0.0,0.0479736328125,0.021240234375,0.007785797119140625,0.17578125,0.01442718505859375,0.2276611328125,0.0,0.0,0.051239013671875,0.0166015625,0.0,0.0,0.0,0.0,0.0238189697265625,KITTI/data_semantics/training/image_2/000051_10.png,Karlsruhe,kitti,281.0,50.78125,6.109375,19.5,10.8125,0.1710205078125,0.2804705500602722,0.5105127692222595,1.0,0.0,0.7446191906929016,-0.3471527099609375,1.0048828125,-1.841796875,False,False,False,False,False,False,False,False,False,False,False,False,False,False,False,False,False,False,False,False,False,False,False,False,False,False,False,False,False,False,training_370,0,training,0,unlabeled,6a6b7dddff0fe74e679d0d73,2026-08-12T18:20:29.385031,True
,0.11942631751298904,0.22299309074878693,0.06383978575468063,0.0,0.0,0.138729989528656,0.008792715147137642,0.0017532052006572485,0.0,0.5933377146720886,0.0,0.5034765005111694,0.0,0.014390062540769577,0.061798758804798126,0.0,0.0,0.0,0.0,0.0,84.66902160644531,63.227989196777344,72.38459777832031,76.57008361816406,72.17263793945312,50.71082305908203,5.73878288269043,30.07826805114746,55.60188293457031,35.2299690246582,32.56206512451172,21.92983627319336,1.0659217834472656,24.194955825805664,35.094024658203125,32.79132843017578,3.9978504180908203,0.22101402282714844,7.443571090698242,300.0,0.1888427734375,0.040374755859375,0.0,0.0,0.1004638671875,0.00446319580078125,0.00010061264038085938,0.0,0.329833984375,0.0,0.1639404296875,0.0,0.00039958953857421875,0.01495361328125,0.0,0.0,0.0,0.0,0.00013399124145507812,0.156494140625,KITTI/data_semantics/training/image_2/000176_10.png,Karlsruhe,kitti,281.0,50.78125,6.109375,19.5,10.8125,0.1710205078125,0.3397834897041321,0.3523522913455963,1.0,0.0,0.8854278922080994,-0.7533214688301086,1.0048828125,-1.841796875,False,False,False,False,False,False,False,False,False,False,False,False,False,False,False,False,False,False,False,False,False,False,False,False,False,False,False,False,False,False,training_300,0,training,0,unlabeled,6a6b7dddff0fe74e679d0d73,2026-08-12T18:19:16.152850,True
,0.14027129113674164,0.43293339014053345,0.045058153569698334,0.33429399132728577,0.0,0.014943990856409073,0.026225121691823006,0.00433008000254631,0.008788700215518475,0.3026539981365204,0.5604499578475952,0.22617009282112122,0.0,0.0,0.08013244718313217,0.0,0.012400786392390728,0.0,0.0,0.0,54.24966812133789,54.001426696777344,66.10993957519531,80.52529907226562,78.51991271972656,71.59080505371094,9.976720809936523,41.47672653198242,64.59088134765625,32.136009216308594,26.82194709777832,26.326513290405273,2.330636978149414,32.946250915527344,26.470518112182617,13.671588897705078,6.754875183105469,0.7175922393798828,9.538984298706055,366.0,0.23681640625,0.0243377685546875,0.2237548828125,0.0,0.0117340087890625,0.018798828125,0.0004353523254394531,0.003662109375,0.1961669921875,0.1807861328125,0.0606689453125,0.0,0.0,0.0275115966796875,0.0,0.0017156600952148438,0.0,0.0,0.0,0.013519287109375,KITTI/data_semantics/training/image_2/000187_10.png,Karlsruhe,kitti,281.0,50.78125,6.109375,19.5,10.8125,0.1710205078125,0.3437000811100006,0.4083656370639801,1.0,0.0,0.894230842590332,-0.6089354157447815,1.0048828125,-1.841796875,False,False,False,False,False,False,False,False,False,False,False,False,False,False,False,False,False,False,False,False,False,False,False,False,False,False,False,False,False,False,training_366,0,training,0,unlabeled,6a6b7dddff0fe74e679d0d73,2026-08-12T18:20:06.549320,True
,0.13889479637145996,0.22698378562927246,0.11506443470716476,0.02271420508623123,0.0,0.0050220792181789875,0.019579242914915085,0.0,0.0002555436221882701,0.6406334042549133,0.12533435225486755,0.6594703793525696,0.001009459374472499,0.0,0.040112730115652084,0.0,0.0,0.0,0.0,0.0,85.21208953857422,64.77084350585938,66.83930969238281,75.89469146728516,85.50080871582031,61.39659881591797,5.559492111206055,31.348323822021484,74.67060089111328,45.00823211669922,20.207595825195312,33.228919982910156,1.5909671783447266,24.228954315185547,5.805873870849609,3.3025264739990234,2.7731895446777344,0.1361846923828125,16.34206771850586,323.0,0.1934814453125,0.0748291015625,0.0151824951171875,0.0,0.00429534912109375,0.0123443603515625,0.0,8.0108642578125e-05,0.478515625,0.05645751953125,0.13330078125,0.0005941390991210938,0.0,0.0097198486328125,0.0,0.0,0.0,0.0,0.0,0.0213470458984375,KITTI/data_semantics/training/image_2/000030_10.png,Karlsruhe,kitti,281.0,50.78125,6.109375,19.5,10.8125,0.1710205078125,0.3681671917438507,0.3720085322856903,1.0,0.0,0.957497239112854,-0.7022843360900879,1.0048828125,-1.841796875,False,False,False,False,False,False,False,False,False,False,False,False,False,False,False,False,False,False,False,False,False,False,False,False,False,False,False,False,False,False,training_323,0,training,0,unlabeled,6a6b7dddff0fe74e679d0d73,2026-08-12T18:20:06.549320,True
,0.1320621371269226,0.26643672585487366,0.0,0.25630611181259155,0.0,0.0,0.02551528438925743,0.0004462328797671944,0.0003572259738575667,0.35633522272109985,0.24648946523666382,0.31175243854522705,0.0,0.0,0.3468775749206543,0.007665039040148258,0.0,0.0,0.0,0.0,58.20655822753906,52.80332565307617,69.11611938476562,61.71803283691406,78.08785247802734,73.73313903808594,12.07418441772461,52.85940170288086,60.643863677978516,31.180715560913086,25.15110969543457,32.489776611328125,0.7736682891845703,58.821868896484375,10.178804397583008,7.879829406738281,2.21405029296875,1.4847755432128906,12.950515747070312,346.0,0.155029296875,0.0,0.1771240234375,0.0,0.0,0.018829345703125,6.198883056640625e-05,0.0001888275146484375,0.216064453125,0.0780029296875,0.07843017578125,0.0,0.0,0.2041015625,0.0009546279907226562,0.0,0.0,0.0,0.0,0.07110595703125,KITTI/data_semantics/training/image_2/000120_10.png,Karlsruhe,kitti,281.0,50.78125,6.109375,19.5,10.8125,0.1710205078125,0.3145189881324768,0.3807539939880371,1.0,0.0,0.8237224817276001,-0.6801232695579529,1.0048828125,-1.841796875,False,False,False,False,False,False,False,False,False,False,False,False,False,False,False,False,False,False,False,False,False,False,False,False,False,False,False,False,False,False,training_346,0,training,0,unlabeled,6a6b7dddff0fe74e679d0d73,2026-08-12T18:20:29.385031,True
,0.14638112485408783,0.2642514407634735,0.0,0.0,0.0,0.0,0.0026778909377753735,0.0,0.00881875865161419,0.6378245949745178,0.09666530042886734,0.7650758028030396,0.0,0.0,0.1685258150100708,0.00013299720012582839,0.07702456414699554,0.0,0.0,0.0,80.82652282714844,59.2213134765625,84.72347259521484,70.62248992919922,54.258155822753906,57.67507553100586,3.2896041870117188,24.045276641845703,70.84150695800781,37.55345153808594,26.159000396728516,22.352170944213867,1.5838146209716797,46.602630615234375,16.109800338745117,9.433412551879883,2.8058528900146484,1.0333061218261719,8.609676361083984,295.0,0.213623046875,0.0,0.0,0.0,0.0,0.001544952392578125,0.0,0.0021209716796875,0.454345703125,0.036376953125,0.2001953125,0.0,0.0,0.07855224609375,0.0002627372741699219,0.007266998291015625,0.0,0.0,0.0,0.0056915283203125,KITTI/data_semantics/training/image_2/000199_10.png,Karlsruhe,kitti,281.0,50.78125,6.109375,19.5,10.8125,0.1710205078125,0.38332679867744446,0.3783780038356781,1.0,0.0,0.9857140779495239,-0.6855166554450989,1.0048828125,-1.841796875,False,False,False,False,False,False,False,False,False,False,False,False,False,False,False,False,False,False,False,False,False,False,False,False,False,False,False,False,False,False,training_295,0,training,0,unlabeled,6a6b7dddff0fe74e679d0d73,2026-08-12T18:20:13.940653,True
,0.1397613286972046,0.2295764535665512,0.18429617583751678,0.011527146212756634,0.0,0.019244536757469177,0.015710191801190376,0.0018545740749686956,0.0006032504606992006,0.5650806427001953,0.0942562073469162,0.7167599201202393,0.00017003332322929054,0.0,0.15851500630378723,0.0,0.0,0.0,0.0,0.0,79.32987213134766,68.178466796875,64.06836700439453,75.05660247802734,80.19290161132812,61.05060577392578,5.579376220703125,35.01677703857422,73.95186614990234,47.640323638916016,19.31624412536621,23.830413818359375,2.8036117553710938,28.53255271911621,11.847829818725586,8.705997467041016,5.112600326538086,0.2868175506591797,15.700674057006836,390.0,0.18212890625,0.125732421875,0.00738525390625,0.0,0.01543426513671875,0.00962066650390625,0.00010347366333007812,0.00021123886108398438,0.41796875,0.044921875,0.138427734375,0.00010824203491210938,0.0,0.04522705078125,0.0,0.0,0.0,0.0,0.0,0.0128326416015625,KITTI/data_semantics/training/image_2/000028_10.png,Karlsruhe,kitti,281.0,50.78125,6.109375,19.5,10.8125,0.1710205078125,0.3517022728919983,0.35993388295173645,1.0,0.0,0.9153392314910889,-0.7333853840827942,1.0048828125,-1.841796875,False,False,False,False,False,False,False,False,False,False,False,False,False,False,False,False,False,False,False,False,False,False,False,False,False,False,False,False,False,False,training_390,0,training,0,unlabeled,6a6b7dddff0fe74e679d0d73,2026-08-12T18:19:16.152850,True
,0.13997316360473633,0.345701664686203,0.10098975151777267,0.006634777877479792,0.015537512488663197,0.02922295592725277,0.026489153504371643,0.0,0.0032760861795395613,0.5993006229400635,0.13460542261600494,0.5814651846885681,0.0,0.0,0.30790406465530396,0.0,0.0,0.0,0.0,0.0,65.12294006347656,67.36798095703125,59.93185043334961,88.02337646484375,92.4631118774414,55.733585357666016,3.8697242736816406,40.49224853515625,60.7356071472168,48.86331558227539,19.600343704223633,30.155229568481445,1.0197162628173828,22.640562057495117,3.7943363189697266,3.324604034423828,11.371803283691406,0.2820014953613281,16.327953338623047,364.0,0.2252197265625,0.068115234375,0.00397491455078125,0.01367950439453125,0.0270233154296875,0.01476287841796875,0.0,0.0013265609741210938,0.364013671875,0.06591796875,0.11395263671875,0.0,0.0,0.0697021484375,0.0,0.0,0.0,0.0,0.0,0.03228759765625,KITTI/data_semantics/training/image_2/000024_10.png,Karlsruhe,kitti,281.0,50.78125,6.109375,19.5,10.8125,0.1710205078125,0.24748089909553528,0.3498680591583252,1.0,0.0,0.6573048233985901,-0.7596873641014099,1.0048828125,-1.841796875,False,False,False,False,False,False,False,False,False,False,False,False,False,False,False,False,False,False,False,False,False,False,False,False,False,False,False,False,False,False,training_364,0,training,0,unlabeled,6a6b7dddff0fe74e679d0d73,2026-08-12T18:19:51.364203,True
,0.14387357234954834,0.511538028717041,0.11656611412763596,0.28554394841194153,0.0,0.0,0.005262764636427164,0.0020717608276754618,0.010402265004813671,0.4216892123222351,0.03863853961229324,0.2835409641265869,0.0,0.0,0.14391778409481049,0.0,0.0,0.0,0.0,0.0,66.06383514404297,58.46977233886719,83.69818115234375,59.03620910644531,61.3067626953125,73.40884399414062,11.623048782348633,42.86928176879883,48.29535675048828,9.29417610168457,17.925310134887695,42.15383529663086,1.8903255462646484,32.43980407714844,22.840070724487305,16.465234756469727,2.0959854125976562,1.4339447021484375,14.792299270629883,365.0,0.337890625,0.0682373046875,0.239013671875,0.0,0.0,0.003864288330078125,0.00024127960205078125,0.004459381103515625,0.2037353515625,0.004344940185546875,0.050811767578125,0.0,0.0,0.04669189453125,0.0,0.0,0.0,0.0,0.0,0.040679931640625,KITTI/data_semantics/training/image_2/000135_10.png,Karlsruhe,kitti,281.0,50.78125,6.109375,19.5,10.8125,0.1710205078125,0.25973400473594666,0.3485945463180542,1.0,0.0,0.6813353896141052,-0.7626218795776367,1.0048828125,-1.841796875,False,False,False,False,False,False,False,False,False,False,False,False,False,False,False,False,False,False,False,False,False,False,False,False,False,False,False,False,False,False,training_365,0,training,0,unlabeled,6a6b7dddff0fe74e679d0d73,2026-08-12T18:19:59.137396,True
,0.14269845187664032,0.324057400226593,0.19932836294174194,0.6115372776985168,0.0,0.01200355775654316,0.012020188383758068,0.004099512007087469,0.013818995095789433,0.1444004774093628,0.19560474157333374,0.08448780328035355,0.0,0.0,0.03214503452181816,0.017160765826702118,0.0,0.0,0.0,0.008685067296028137,51.34105682373047,51.13201141357422,88.31524658203125,77.35023498535156,81.3203353881836,55.649330139160156,7.464885711669922,31.600379943847656,51.62834930419922,19.14353370666504,29.710960388183594,21.499967575073242,1.400899887084961,50.63710021972656,40.26670455932617,17.21477508544922,3.3997058868408203,0.6953239440917969,14.465665817260742,303.0,0.1666259765625,0.1019287109375,0.5400390625,0.0,0.00975799560546875,0.006763458251953125,0.000331878662109375,0.004367828369140625,0.07452392578125,0.037445068359375,0.0251007080078125,0.0,0.0,0.0162811279296875,0.01009368896484375,0.0,0.0,0.0,0.0015468597412109375,0.00499725341796875,KITTI/data_semantics/training/image_2/000166_10.png,Karlsruhe,kitti,281.0,50.78125,6.109375,19.5,10.8125,0.1710205078125,0.360891729593277,0.38808777928352356,1.0,0.0,0.9362435936927795,-0.6612566113471985,1.0048828125,-1.841796875,False,False,False,False,False,False,False,False,False,False,False,False,False,False,False,False,False,False,False,False,False,False,False,False,False,False,False,False,False,False,training_303,0,training,0,unlabeled,6a6b7dddff0fe74e679d0d73,2026-08-12T18:19:16.152850,True
,0.14353598654270172,0.20136623084545135,0.01262300368398428,0.0,0.0,0.015550005249679089,0.003897929098457098,0.0,0.0,0.46054279804229736,0.5104653835296631,0.5979273915290833,0.0,0.0,0.06245100498199463,0.0,0.0,0.0,0.0,0.0,91.37297058105469,52.53782272338867,64.32891082763672,67.18101501464844,65.99669647216797,52.104522705078125,4.483270645141602,28.132057189941406,56.66913986206055,48.56610107421875,42.106964111328125,31.778669357299805,1.7212390899658203,22.26247787475586,19.770336151123047,10.834598541259766,15.869808197021484,0.033092498779296875,5.687284469604492,309.0,0.1839599609375,0.00662994384765625,0.0,0.0,0.01026153564453125,0.0021152496337890625,0.0,0.0,0.260986328125,0.25048828125,0.251708984375,0.0,0.0,0.0139007568359375,0.0,0.0,0.0,0.0,0.0,0.01983642578125,KITTI/data_semantics/training/image_2/000181_10.png,Karlsruhe,kitti,281.0,50.78125,6.109375,19.5,10.8125,0.1710205078125,0.30540210008621216,0.36568987369537354,1.0,0.0,0.8077096939086914,-0.7192544341087341,1.0048828125,-1.841796875,False,False,False,False,False,False,False,False,False,False,False,False,False,False,False,False,False,False,False,False,False,False,False,False,False,False,False,False,False,False,training_309,0,training,0,unlabeled,6a6b7dddff0fe74e679d0d73,2026-08-12T18:19:16.152850,True
,0.13481926918029785,0.4852767884731293,0.03746642917394638,0.045790836215019226,0.0,0.028017757460474968,0.03808057680726051,0.07303055375814438,0.02328077331185341,0.3028786778450012,0.09539812058210373,0.5834265351295471,0.0,0.0,0.2791321277618408,0.0,0.0,0.0,0.0,0.0,67.05150604248047,64.79663848876953,68.70536804199219,55.53417205810547,60.741188049316406,58.85643768310547,18.920564651489258,43.3909912109375,46.315528869628906,27.35886573791504,42.07892608642578,39.60733413696289,2.9448509216308594,39.94755554199219,35.91094207763672,19.734764099121094,6.80851936340332,1.1983394622802734,17.97637939453125,345.0,0.32568359375,0.0252838134765625,0.031463623046875,0.0,0.0170135498046875,0.022430419921875,0.01386260986328125,0.0102691650390625,0.1402587890625,0.0262451171875,0.2454833984375,0.0,0.0,0.11151123046875,0.0,0.0,0.0,0.0,0.0,0.03033447265625,KITTI/data_semantics/training/image_2/000114_10.png,Karlsruhe,kitti,281.0,50.78125,6.109375,19.5,10.8125,0.1710205078125,0.3545495569705963,0.5249966382980347,1.0,0.0,0.9245151877403259,-0.3094637095928192,1.0048828125,-1.841796875,False,False,False,False,False,False,False,False,False,False,False,False,False,False,False,False,False,False,False,False,False,False,False,False,False,False,False,False,False,False,training_345,0,training,0,unlabeled,6a6b7dddff0fe74e679d0d73,2026-08-12T18:20:29.385031,True
,0.13916589319705963,0.2742503583431244,0.056458618491888046,0.005648918449878693,0.0,0.01163584552705288,0.016139499843120575,0.007767610251903534,0.009002627804875374,0.10921727865934372,0.4595482051372528,0.7329230308532715,0.0,0.0,0.09589175134897232,0.0004644526052288711,0.0,0.0,0.0,0.0,84.64913177490234,79.83503723144531,65.08174133300781,70.07603454589844,56.99501037597656,70.9056396484375,8.066320419311523,22.343921661376953,56.097412109375,43.84632110595703,55.561065673828125,22.21050262451172,1.5532493591308594,20.424509048461914,29.875946044921875,15.373659133911133,1.6253471374511719,0.12869834899902344,7.788372039794922,339.0,0.232177734375,0.045318603515625,0.0036773681640625,0.0,0.00662994384765625,0.0114593505859375,0.0006270408630371094,0.0020904541015625,0.061431884765625,0.2022705078125,0.4072265625,0.0,0.0,0.01959228515625,0.00013875961303710938,0.0,0.0,0.0,0.0,0.007335662841796875,KITTI/data_semantics/training/image_2/000080_10.png,Karlsruhe,kitti,281.0,50.78125,6.109375,19.5,10.8125,0.1710205078125,0.320800244808197,0.6971497535705566,1.0,0.0,0.8363308310508728,0.13351942598819733,1.0048828125,-1.841796875,False,False,False,False,False,False,False,False,False,False,False,False,False,False,False,False,False,False,False,False,False,False,False,False,False,False,False,False,False,False,training_339,0,training,0,unlabeled,6a6b7dddff0fe74e679d0d73,2026-08-12T18:20:29.385031,True
,0.1370677500963211,0.4911242723464966,0.0952291190624237,0.2202361673116684,0.0,0.0,0.010347960516810417,0.005287836771458387,0.02472536265850067,0.4156305193901062,0.04283371940255165,0.311728298664093,0.0,0.0,0.24228061735630035,0.0,0.0,0.0,0.0,0.0,62.306068420410156,53.108882904052734,79.14781188964844,69.74845123291016,69.06356811523438,66.18514251708984,13.535451889038086,43.10612487792969,55.763671875,14.720821380615234,18.734312057495117,44.35930252075195,2.2863388061523438,34.73100662231445,17.634010314941406,15.246915817260742,4.319667816162109,1.825571060180664,12.44363784790039,315.0,0.305908203125,0.05059814453125,0.17431640625,0.0,0.0,0.006847381591796875,0.0007157325744628906,0.0106658935546875,0.2318115234375,0.006855010986328125,0.05841064453125,0.0,0.0,0.08416748046875,0.0,0.0,0.0,0.0,0.0,0.0697021484375,KITTI/data_semantics/training/image_2/000140_10.png,Karlsruhe,kitti,281.0,50.78125,6.109375,19.5,10.8125,0.1710205078125,0.283451110124588,0.3675766885280609,1.0,0.0,0.7393242120742798,-0.7136411070823669,1.0048828125,-1.841796875,False,False,False,False,False,False,False,False,False,False,False,False,False,False,False,False,False,False,False,False,False,False,False,False,False,False,False,False,False,False,training_315,0,training,0,unlabeled,6a6b7dddff0fe74e679d0d73,2026-08-12T18:19:16.152850,True
,0.13640886545181274,0.28799158334732056,0.0436638668179512,0.003724033711478114,0.0,0.0,0.014567497186362743,0.0,0.008522209711372852,0.4064942002296448,0.34958896040916443,0.6166774034500122,0.0,0.0,0.11100475490093231,0.0,0.0,0.0,0.0,0.0,81.23931884765625,71.39801788330078,83.12564086914062,68.9525146484375,62.073516845703125,59.89389419555664,5.367565155029297,26.676177978515625,60.364105224609375,46.8486328125,40.68389129638672,24.51014518737793,1.0894298553466797,15.491485595703125,22.19853401184082,19.443464279174805,1.1041641235351562,0.12335777282714844,10.634756088256836,393.0,0.2340087890625,0.0311737060546875,0.0030956268310546875,0.0,0.0,0.00873565673828125,0.0,0.0024051666259765625,0.245361328125,0.1641845703125,0.2509765625,0.0,0.0,0.0172119140625,0.0,0.0,0.0,0.0,0.0,0.04290771484375,KITTI/data_semantics/training/image_2/000073_10.png,Karlsruhe,kitti,281.0,50.78125,6.109375,19.5,10.8125,0.1710205078125,0.3571019470691681,0.5578375458717346,1.0,0.0,0.9279323816299438,-0.2245226502418518,1.0048828125,-1.841796875,False,False,False,False,False,False,False,False,False,False,False,False,False,False,False,False,False,False,False,False,False,False,False,False,False,False,False,False,False,False,training_393,0,training,0,unlabeled,6a6b7dddff0fe74e679d0d73,2026-08-12T18:20:13.940653,True
,0.13415654003620148,0.2392418533563614,0.0,0.023300912231206894,0.0,0.0,0.022074516862630844,0.0,0.001999358646571636,0.47014689445495605,0.39387843012809753,0.5916221737861633,0.0,0.0,0.10979600250720978,0.0006427924381569028,0.0,0.0,0.0,0.0,78.97576904296875,56.87709045410156,75.39005279541016,70.76182556152344,80.92803955078125,70.3116455078125,5.584859848022461,32.26837921142578,70.30458068847656,53.13997268676758,27.918672561645508,22.58315086364746,2.582836151123047,17.182397842407227,9.792041778564453,5.65638542175293,11.704349517822266,0.0644683837890625,13.992643356323242,328.0,0.189697265625,0.0,0.017578125,0.0,0.0,0.01552581787109375,0.0,0.0006451606750488281,0.3310546875,0.211181640625,0.1651611328125,0.0,0.0,0.01885986328125,6.29425048828125e-05,0.0,0.0,0.0,0.0,0.050140380859375,KITTI/data_semantics/training/image_2/000036_10.png,Karlsruhe,kitti,281.0,50.78125,6.109375,19.5,10.8125,0.1710205078125,0.2943231463432312,0.3615623414516449,1.0,0.0,0.7756568193435669,-0.7296286225318909,1.0048828125,-1.841796875,False,False,False,False,False,False,False,False,False,False,False,False,False,False,False,False,False,False,False,False,False,False,False,False,False,False,False,False,False,False,training_328,0,training,0,unlabeled,6a6b7dddff0fe74e679d0d73,2026-08-12T18:19:51.364203,True
,0.1390736699104309,0.47736671566963196,0.0,0.0,0.14075811207294464,0.0,0.00218002637848258,0.03371055796742439,0.018647104501724243,0.4961434006690979,0.1571216732263565,0.4169725775718689,0.0,0.0,0.17898862063884735,5.895917274756357e-05,0.0,0.0,0.0,0.0,73.1546401977539,53.82575988769531,75.16140747070312,66.74185180664062,77.21405029296875,46.698856353759766,7.1086883544921875,31.87723159790039,48.101806640625,38.44118118286133,36.85279083251953,35.91685485839844,2.1294116973876953,22.51267433166504,21.737337112426758,13.679265975952148,7.887125015258789,0.14281272888183594,20.575571060180664,383.0,0.34912109375,0.0,0.0,0.09490966796875,0.0,0.001018524169921875,0.003002166748046875,0.005947113037109375,0.2386474609375,0.06121826171875,0.1536865234375,0.0,0.0,0.040283203125,0.0010042190551757812,0.0,0.0,0.0,0.0,0.051055908203125,KITTI/data_semantics/training/image_2/000102_10.png,Karlsruhe,kitti,281.0,50.78125,6.109375,19.5,10.8125,0.1710205078125,0.28470441699028015,0.3715979754924774,1.0,0.0,0.7548479437828064,-0.7041110992431641,1.0048828125,-1.841796875,False,False,False,False,False,False,False,False,False,False,False,False,False,False,False,False,False,False,False,False,False,False,False,False,False,False,False,False,False,False,training_383,0,training,0,unlabeled,6a6b7dddff0fe74e679d0d73,2026-08-12T18:20:06.549320,True
,0.1458028256893158,0.3227965235710144,0.2719286382198334,0.07061193883419037,0.013907579705119133,0.016478149220347404,0.02362680248916149,0.0,0.018929671496152878,0.6252362728118896,0.15430085361003876,0.5512780547142029,0.0,0.0,0.08643114566802979,0.0,0.0,0.011213161051273346,0.0,0.0,64.61272430419922,54.740238189697266,64.53390502929688,83.26730346679688,87.32952880859375,63.56873321533203,9.978723526000977,40.79761505126953,59.67988967895508,34.32416915893555,15.863180160522461,30.73902130126953,4.98509407043457,28.68046760559082,7.845830917358398,5.196380615234375,7.709741592407227,0.45218467712402344,15.313291549682617,306.0,0.2086181640625,0.1488037109375,0.04583740234375,0.0115814208984375,0.01445770263671875,0.0150299072265625,0.0,0.007720947265625,0.373046875,0.05316162109375,0.0875244140625,0.0,0.0,0.0247955322265625,0.0,0.0,0.0008645057678222656,0.0,0.0,0.00847625732421875,KITTI/data_semantics/training/image_2/000026_10.png,Karlsruhe,kitti,281.0,50.78125,6.109375,19.5,10.8125,0.1710205078125,0.26561248302459717,0.35496142506599426,1.0,0.0,0.6978452205657959,-0.7461429238319397,1.0048828125,-1.841796875,False,False,False,False,False,False,False,False,False,False,False,False,False,False,False,False,False,False,False,False,False,False,False,False,False,False,False,False,False,False,training_306,0,training,0,unlabeled,6a6b7dddff0fe74e679d0d73,2026-08-12T18:20:29.385031,True
,0.1391655057668686,0.5423270463943481,0.08058364689350128,0.002463014330714941,0.0,0.0,0.07451625168323517,0.10680214315652847,0.014178020879626274,0.3523257076740265,0.052191659808158875,0.6059074401855469,0.0,0.0,0.22578981518745422,0.16015639901161194,0.0,0.0,0.0,0.0,65.62366485595703,56.83350372314453,82.51190185546875,57.880592346191406,61.93633270263672,69.6817855834961,15.819692611694336,42.42057800292969,43.91660690307617,23.402690887451172,37.04075622558594,37.1129035949707,2.691507339477539,20.88303565979004,37.25848388671875,23.305892944335938,4.945802688598633,3.417491912841797,15.124082565307617,319.0,0.35595703125,0.045806884765625,0.002033233642578125,0.0,0.0,0.05194091796875,0.0168914794921875,0.00611114501953125,0.15478515625,0.013519287109375,0.2244873046875,0.0,0.0,0.047332763671875,0.059783935546875,0.0,0.0,0.0,0.0,0.0214385986328125,KITTI/data_semantics/training/image_2/000050_10.png,Karlsruhe,kitti,281.0,50.78125,6.109375,19.5,10.8125,0.1710205078125,0.28344249725341797,0.5219870805740356,1.0,0.0,0.753990888595581,-0.31768643856048584,1.0048828125,-1.841796875,False,False,False,False,False,False,False,False,False,False,False,False,False,False,False,False,False,False,False,False,False,False,False,False,False,False,False,False,False,False,training_319,0,training,0,unlabeled,6a6b7dddff0fe74e679d0d73,2026-08-12T18:19:59.137396,True
,0.13514363765716553,0.14659012854099274,0.09180347621440887,0.010280752554535866,0.0,0.0011624203762039542,0.015564930625259876,0.0,0.043976232409477234,0.5045235753059387,0.578182578086853,0.5048648118972778,0.0017210924997925758,0.0,0.029608458280563354,0.0,0.0,0.0,0.0,0.0,77.96139526367188,60.38555908203125,74.92938232421875,83.77452087402344,88.03119659423828,68.81413269042969,4.628324508666992,31.84499740600586,90.25297546386719,40.859127044677734,15.299320220947266,35.81233215332031,2.2927284240722656,39.85767364501953,1.090240478515625,0.8217334747314453,0.32825469970703125,0.4065513610839844,12.934732437133789,397.0,0.11456298828125,0.05609130859375,0.007701873779296875,0.0,0.0010232925415039062,0.01082611083984375,0.0,0.014007568359375,0.455322265625,0.2452392578125,0.07769775390625,0.0007252693176269531,0.0,0.01180267333984375,0.0,0.0,0.0,0.0,0.0,0.005008697509765625,KITTI/data_semantics/training/image_2/000057_10.png,Karlsruhe,kitti,281.0,50.78125,6.109375,19.5,10.8125,0.1710205078125,0.3483991026878357,0.3482586145401001,1.0,0.0,0.9029181599617004,-0.7626860737800598,1.0048828125,-1.841796875,False,False,False,False,False,False,False,False,False,False,False,False,False,False,False,False,False,False,False,False,False,False,False,False,False,False,False,False,False,False,training_397,0,training,0,unlabeled,6a6b7dddff0fe74e679d0d73,2026-08-12T18:19:51.364203,True
,0.14433835446834564,0.55861496925354,0.07502509653568268,0.0037148920819163322,0.0,0.0,0.0851426050066948,0.1110551655292511,0.01703459583222866,0.40315017104148865,0.04947588965296745,0.6641097068786621,0.0,0.0,0.30080047249794006,0.00029882180388085544,0.0,0.0,0.0,0.0,64.89376831054688,58.75396728515625,73.2412338256836,61.690711975097656,65.80023956298828,68.00098419189453,17.899560928344727,44.981719970703125,47.883941650390625,28.659629821777344,33.77223205566406,39.443634033203125,4.002475738525391,17.471742630004883,23.130083084106445,9.291410446166992,2.730226516723633,2.447843551635742,14.006996154785156,344.0,0.362548828125,0.0440673828125,0.002719879150390625,0.0,0.0,0.05792236328125,0.0198822021484375,0.007709503173828125,0.1929931640625,0.0153656005859375,0.2242431640625,0.0,0.0,0.05255126953125,0.00014829635620117188,0.0,0.0,0.0,0.0,0.0197601318359375,KITTI/data_semantics/training/image_2/000048_10.png,Karlsruhe,kitti,281.0,50.78125,6.109375,19.5,10.8125,0.1710205078125,0.2829001247882843,0.4939408004283905,1.0,0.0,0.7525345683097839,-0.38978588581085205,1.0048828125,-1.841796875,False,False,False,False,False,False,False,False,False,False,False,False,False,False,False,False,False,False,False,False,False,False,False,False,False,False,False,False,False,False,training_344,0,training,0,unlabeled,6a6b7dddff0fe74e679d0d73,2026-08-12T18:19:59.137396,True
,0.14388786256313324,0.5519044995307922,0.07125213742256165,0.0027435575611889362,0.0,0.0,0.07229137420654297,0.11420819163322449,0.020998341962695122,0.41801220178604126,0.04095662385225296,0.6741406321525574,0.0,0.0,0.34808871150016785,0.00029709984664805233,0.0,0.0,0.0,0.0,63.9423828125,57.39145278930664,75.79527282714844,57.7214241027832,58.92047882080078,69.06776428222656,18.555164337158203,46.865318298339844,45.851802825927734,31.374502182006836,33.779762268066406,40.251922607421875,6.3106536865234375,19.866371154785156,18.773174285888672,13.44294548034668,2.312612533569336,1.9324779510498047,17.668533325195312,313.0,0.35302734375,0.0408935546875,0.002079010009765625,0.0,0.0,0.049957275390625,0.0212249755859375,0.0099334716796875,0.191650390625,0.01377105712890625,0.227783203125,0.0,0.0,0.0692138671875,0.00010585784912109375,0.0,0.0,0.0,0.0,0.0205230712890625,KITTI/data_semantics/training/image_2/000047_10.png,Karlsruhe,kitti,281.0,50.78125,6.109375,19.5,10.8125,0.1710205078125,0.28523972630500793,0.4959370195865631,1.0,0.0,0.758282482624054,-0.38464686274528503,1.0048828125,-1.841796875,False,False,False,False,False,False,False,False,False,False,False,False,False,False,False,False,False,False,False,False,False,False,False,False,False,False,False,False,False,False,training_313,0,training,0,unlabeled,6a6b7dddff0fe74e679d0d73,2026-08-12T18:20:13.940653,True
,0.13977773487567902,0.5413806438446045,0.036739736795425415,0.04006718471646309,0.0,0.01683947630226612,0.08882070332765579,0.0920652523636818,0.003951335325837135,0.2880876660346985,0.16540537774562836,0.5219456553459167,0.0,0.0,0.26905572414398193,0.0005238202284090221,0.0,0.0,0.0,0.0,61.75494384765625,70.89972686767578,75.7437744140625,54.61435317993164,59.83586120605469,67.4623031616211,20.244455337524414,38.954689025878906,50.20647048950195,26.938962936401367,48.24838638305664,32.56592559814453,2.0972251892089844,18.00990104675293,26.285982131958008,17.09284782409668,8.240079879760742,1.0725021362304688,14.262580871582031,343.0,0.336181640625,0.027008056640625,0.030364990234375,0.0,0.01007843017578125,0.0599365234375,0.0210418701171875,0.0015392303466796875,0.1446533203125,0.044891357421875,0.251953125,0.0,0.0,0.0484619140625,0.0003566741943359375,0.0,0.0,0.0,0.0,0.0236053466796875,KITTI/data_semantics/training/image_2/000116_10.png,Karlsruhe,kitti,281.0,50.78125,6.109375,19.5,10.8125,0.1710205078125,0.34919628500938416,0.5212204456329346,1.0,0.0,0.912452757358551,-0.3191642463207245,1.0048828125,-1.841796875,False,False,False,False,False,False,False,False,False,False,False,False,False,False,False,False,False,False,False,False,False,False,False,False,False,False,False,False,False,False,training_343,0,training,0,unlabeled,6a6b7dddff0fe74e679d0d73,2026-08-12T18:19:51.364203,True
,0.1429368257522583,0.23688049614429474,0.059698108583688736,0.0,0.08175541460514069,0.0,0.009754104539752007,0.00013155730266589671,0.0,0.5367966294288635,0.5653041005134583,0.4060264825820923,0.0,0.0,0.05089874193072319,0.0,0.0,0.0,0.0,0.0,74.92112731933594,60.78124237060547,77.25639343261719,85.57362365722656,89.18743133544922,70.94292449951172,2.8942108154296875,25.601863861083984,79.13956451416016,39.26300811767578,12.213516235351562,39.130306243896484,1.5229225158691406,20.755577087402344,0.4845142364501953,3.353404998779297,1.1186599731445312,0.09241104125976562,13.956451416015625,293.0,0.177490234375,0.036285400390625,0.0,0.0699462890625,0.0,0.00691986083984375,5.817413330078125e-05,0.0,0.4248046875,0.2235107421875,0.049591064453125,0.0,0.0,0.01056671142578125,0.0,0.0,0.0,0.0,0.0,0.0008549690246582031,KITTI/data_semantics/training/image_2/000128_10.png,Karlsruhe,kitti,281.0,50.78125,6.109375,19.5,10.8125,0.1710205078125,0.32960978150367737,0.31146886944770813,1.0,0.0,0.8578296899795532,-0.857880175113678,1.0048828125,-1.841796875,False,False,False,False,False,False,False,False,False,False,False,False,False,False,False,False,False,False,False,False,False,False,False,False,False,False,False,False,False,False,training_293,0,training,0,unlabeled,6a6b7dddff0fe74e679d0d73,2026-08-12T18:19:59.137396,True
,0.1348160207271576,0.25053197145462036,0.0,0.01765625737607479,0.0,0.0,0.025326838716864586,0.0,0.019197911024093628,0.4944850206375122,0.3917458951473236,0.4644778072834015,0.0,0.0,0.20534612238407135,0.006540540140122175,0.0,0.0,0.0,0.0,68.80431365966797,55.413246154785156,75.37298583984375,69.0267105102539,79.15401458740234,68.13216400146484,7.428836822509766,28.520536422729492,68.46794891357422,52.11940002441406,33.55164337158203,31.77318572998047,3.368043899536133,16.52369499206543,10.789918899536133,5.42902946472168,11.641073226928711,0.4160881042480469,13.137435913085938,308.0,0.17333984375,0.0,0.0133056640625,0.0,0.0,0.0172576904296875,0.0,0.00548553466796875,0.338623046875,0.2080078125,0.1558837890625,0.0,0.0,0.033935546875,0.000705718994140625,0.0,0.0,0.0,0.0,0.05340576171875,KITTI/data_semantics/training/image_2/000037_10.png,Karlsruhe,kitti,281.0,50.78125,6.109375,19.5,10.8125,0.1710205078125,0.2916572690010071,0.3448452651500702,1.0,0.0,0.7691152691841125,-0.772683322429657,1.0048828125,-1.841796875,False,False,False,False,False,False,False,False,False,False,False,False,False,False,False,False,False,False,False,False,False,False,False,False,False,False,False,False,False,False,training_308,0,training,0,unlabeled,6a6b7dddff0fe74e679d0d73,2026-08-12T18:20:13.940653,True
,0.14457522332668304,0.24985654652118683,0.1972740739583969,0.03464541211724281,0.0,0.018732042983174324,0.006726238410919905,0.0017591299256309867,0.0,0.5817241668701172,0.19374752044677734,0.823585569858551,0.0,0.0,0.09527887403964996,0.0,0.0,0.0,0.0,0.0,75.783203125,65.87342834472656,64.3849868774414,84.33609008789062,83.99615478515625,61.052276611328125,4.743623733520508,36.80329132080078,69.6157455444336,36.26842498779297,15.439987182617188,24.23100471496582,3.6406993865966797,27.007579803466797,7.168149948120117,3.5800933837890625,6.481838226318359,0.06012916564941406,14.069414138793945,372.0,0.1893310546875,0.1300048828125,0.022308349609375,0.0,0.0157318115234375,0.0041046142578125,8.344650268554688e-05,0.0,0.405029296875,0.0703125,0.127197265625,0.0,0.0,0.025726318359375,0.0,0.0,0.0,0.0,0.0,0.01025390625,KITTI/data_semantics/training/image_2/000027_10.png,Karlsruhe,kitti,281.0,50.78125,6.109375,19.5,10.8125,0.1710205078125,0.3277256190776825,0.35210081934928894,1.0,0.0,0.8535586595535278,-0.7534120678901672,1.0048828125,-1.841796875,False,False,False,False,False,False,False,False,False,False,False,False,False,False,False,False,False,False,False,False,False,False,False,False,False,False,False,False,False,False,training_372,0,training,0,unlabeled,6a6b7dddff0fe74e679d0d73,2026-08-12T18:19:59.137396,True
,0.12932188808918,0.27430304884910583,0.0,0.0,0.0,0.0,0.02489592134952545,0.0,0.04096166044473648,0.620367169380188,0.22579970955848694,0.50071781873703,0.0,0.0,0.0580742210149765,0.0,0.0,0.0,0.0,0.0,78.712890625,55.46851348876953,72.59245300292969,90.27877044677734,81.03351593017578,51.58038330078125,2.3231029510498047,36.725852966308594,73.30178833007812,52.924442291259766,18.433523178100586,27.167272567749023,1.1155128479003906,27.45370864868164,21.716880798339844,17.37523078918457,0.7514476776123047,0.11072158813476562,7.333517074584961,330.0,0.2159423828125,0.0,0.0,0.0,0.0,0.01361846923828125,0.0,0.015045166015625,0.454833984375,0.1226806640625,0.09228515625,0.0,0.0,0.0159454345703125,0.0,0.0,0.0,0.0,0.0,0.06976318359375,KITTI/data_semantics/training/image_2/000179_10.png,Karlsruhe,kitti,281.0,50.78125,6.109375,19.5,10.8125,0.1710205078125,0.3154296576976776,0.32598528265953064,1.0,0.0,0.8209279179573059,-0.8208427429199219,1.0048828125,-1.841796875,False,False,False,False,False,False,False,False,False,False,False,False,False,False,False,False,False,False,False,False,False,False,False,False,False,False,False,False,False,False,training_330,0,training,0,unlabeled,6a6b7dddff0fe74e679d0d73,2026-08-12T18:20:13.940653,True
,0.12962830066680908,0.2473708838224411,0.00820447038859129,0.0163175780326128,0.0,0.0,0.017075134441256523,0.0,0.0013907401589676738,0.29444295167922974,0.583740234375,0.6989255547523499,0.0,0.0,0.2517845630645752,1.4884528354741633e-05,0.0,0.0,0.0,0.0,70.65482330322266,57.09595489501953,83.02316284179688,67.41862487792969,84.09233093261719,65.58909606933594,5.832672119140625,43.71538162231445,58.02216339111328,38.81964874267578,37.62993621826172,32.41725158691406,2.3987293243408203,20.367145538330078,22.408056259155273,4.02984619140625,7.787895202636719,0.9255886077880859,11.243057250976562,359.0,0.1748046875,0.004688262939453125,0.01361083984375,0.0,0.0,0.011199951171875,0.0,0.0006079673767089844,0.1708984375,0.255615234375,0.262939453125,0.0,0.0,0.05126953125,0.00017309188842773438,0.0,0.0,0.0,0.0,0.0540771484375,KITTI/data_semantics/training/image_2/000041_10.png,Karlsruhe,kitti,281.0,50.78125,6.109375,19.5,10.8125,0.1710205078125,0.27633368968963623,0.4684220552444458,1.0,0.0,0.7366603016853333,-0.4552578032016754,1.0048828125,-1.841796875,False,False,False,False,False,False,False,False,False,False,False,False,False,False,False,False,False,False,False,False,False,False,False,False,False,False,False,False,False,False,training_359,0,training,0,unlabeled,6a6b7dddff0fe74e679d0d73,2026-08-12T18:20:29.385031,True
,0.1383620947599411,0.4505729675292969,0.23444737493991852,0.35551077127456665,0.06366292387247086,0.0,0.005900711286813021,0.0006009615608491004,0.0,0.4177576005458832,0.11571516841650009,0.10349565744400024,0.0,0.0,0.05165684223175049,0.0,0.0,0.0,0.0,0.0,45.86162567138672,51.72419738769531,71.40913391113281,83.25466918945312,93.80741119384766,68.9229507446289,6.346035003662109,39.8777961730957,71.62174987792969,12.560653686523438,9.890222549438477,52.82001495361328,1.423025131225586,51.003170013427734,0.6368637084960938,16.489505767822266,7.079505920410156,0.0044345855712890625,30.217361450195312,399.0,0.2069091796875,0.12139892578125,0.25390625,0.053009033203125,0.0,0.00406646728515625,5.435943603515625e-05,0.0,0.29931640625,0.01751708984375,0.01024627685546875,0.0,0.0,0.0263671875,0.0,0.0,0.0,0.0,0.0,0.007297515869140625,KITTI/data_semantics/training/image_2/000172_10.png,Karlsruhe,kitti,281.0,50.78125,6.109375,19.5,10.8125,0.1710205078125,0.27144116163253784,0.3491237163543701,1.0,0.0,0.7101355195045471,-0.7612874507904053,1.0048828125,-1.841796875,False,False,False,False,False,False,False,False,False,False,False,False,False,False,False,False,False,False,False,False,False,False,False,False,False,False,False,False,False,False,training_399,0,training,0,unlabeled,6a6b7dddff0fe74e679d0d73,2026-08-12T18:19:51.364203,True
,0.13713689148426056,0.46404021978378296,0.06032808497548103,0.04683401435613632,0.002514093415811658,0.00923083908855915,0.04439324885606766,0.07218531519174576,0.01454211212694645,0.3105824589729309,0.08458171039819717,0.5765145421028137,0.0,0.0,0.30688005685806274,0.0,0.0,0.0,0.0,0.0,66.6451416015625,61.663673400878906,69.25917053222656,55.56821823120117,60.541961669921875,57.36918640136719,17.742347717285156,42.38119125366211,46.24333190917969,29.56676483154297,42.708396911621094,37.939598083496094,2.3541927337646484,42.89989471435547,36.515235900878906,21.132469177246094,4.591703414916992,0.9923934936523438,16.345930099487305,348.0,0.309814453125,0.037841796875,0.032440185546875,0.0014352798461914062,0.005588531494140625,0.0255126953125,0.01280975341796875,0.00616455078125,0.1446533203125,0.02508544921875,0.2462158203125,0.0,0.0,0.1319580078125,0.00013494491577148438,0.0,0.0,0.0,0.0,0.020416259765625,KITTI/data_semantics/training/image_2/000112_10.png,Karlsruhe,kitti,281.0,50.78125,6.109375,19.5,10.8125,0.1710205078125,0.35686901211738586,0.5222200751304626,1.0,0.0,0.930575430393219,-0.3166155219078064,1.0048828125,-1.841796875,False,False,False,False,False,False,False,False,False,False,False,False,False,False,False,False,False,False,False,False,False,False,False,False,False,False,False,False,False,False,training_348,0,training,0,unlabeled,6a6b7dddff0fe74e679d0d73,2026-08-12T18:20:06.549320,True
,0.12791228294372559,0.22878398001194,0.044481031596660614,0.0,0.0,0.0,0.0050117457285523415,0.0,0.0027683123480528593,0.6455565690994263,0.3841873109340668,0.5036601424217224,0.0,0.0,0.06330909579992294,0.0,0.0,0.0,0.0,0.0,84.55514526367188,54.580020904541016,87.26363372802734,81.7442398071289,85.97573852539062,70.29232788085938,6.124019622802734,36.32688522338867,78.2174072265625,28.273963928222656,7.898521423339844,31.829500198364258,1.715087890625,41.887855529785156,1.476144790649414,1.3939857482910156,1.1443138122558594,0.6772518157958984,17.9656982421875,70.0,0.1937255859375,0.0247039794921875,0.0,0.0,0.0,0.0035228729248046875,0.0,0.0010089874267578125,0.5048828125,0.20361328125,0.04150390625,0.0,0.0,0.026519775390625,0.0,0.0,0.0,0.0,0.0,0.0004558563232421875,KITTI/data_semantics/training/image_2/000160_10.png,Karlsruhe,kitti,281.0,50.78125,6.109375,19.5,10.8125,0.1710205078125,0.3283461332321167,0.3520430028438568,1.0,0.0,0.8470742106437683,-0.7525589466094971,1.0048828125,-1.841796875,False,False,False,False,False,False,False,False,False,False,False,False,False,False,False,False,False,False,False,False,False,False,False,False,False,False,False,False,False,False,validation_70,0,validation,0,unlabeled,6a6b7dddff0fe74e679d0d73,2026-08-12T18:19:59.137396,True
,0.10411085188388824,0.2673249840736389,0.0033387537114322186,0.26647013425827026,0.0,0.0,0.0005385625408962369,0.0,0.002177207497879863,0.3085821866989136,0.03186042234301567,0.07973932474851608,0.0,0.0001954160979948938,0.3223384916782379,0.0,0.0,0.0,0.0,0.0006170424749143422,48.696136474609375,50.13041687011719,86.07830810546875,78.89018249511719,94.62771606445312,65.96145629882812,2.7184486389160156,66.79901885986328,57.68981170654297,12.375783920288086,10.14857292175293,40.920021057128906,1.6879081726074219,73.26941680908203,16.108417510986328,17.6363468170166,1.7738819122314453,1.1162757873535156,31.450891494750977,53.0,0.1302490234375,0.0018072128295898438,0.2293701171875,0.0,0.0,0.0003552436828613281,0.0,0.0014543533325195312,0.177978515625,0.00664520263671875,0.00809478759765625,0.0,0.00020503997802734375,0.2362060546875,0.0,0.0,0.0,0.0,0.00020599365234375,0.2073974609375,KITTI/data_semantics/training/image_2/000154_10.png,Karlsruhe,kitti,281.0,50.78125,6.109375,19.5,10.8125,0.1710205078125,0.2835996150970459,0.3599851429462433,1.0,0.0,0.7249411940574646,-0.7330470681190491,1.0048828125,-1.841796875,False,False,False,False,False,False,False,False,False,False,False,False,False,False,False,False,False,False,False,False,False,False,False,False,False,False,False,False,False,False,validation_53,0,validation,0,unlabeled,6a6b7dddff0fe74e679d0d73,2026-08-12T18:19:16.152850,True
,0.129802405834198,0.23539584875106812,0.05924249812960625,0.0,0.0,0.0,0.0015062362654134631,0.0,0.0020726064685732126,0.6497728228569031,0.4364529252052307,0.48782724142074585,0.0,0.0,0.08010715991258621,0.0,0.0,0.0,0.0,0.0,86.6556625366211,47.295284271240234,86.31057739257812,80.43547058105469,85.93669128417969,70.40625,4.57758903503418,40.23723602294922,76.53050231933594,27.138900756835938,8.150672912597656,33.69274139404297,1.286458969116211,45.3704833984375,5.50541877746582,4.352617263793945,0.20728111267089844,0.6415843963623047,20.63765525817871,83.0,0.2039794921875,0.02813720703125,0.0,0.0,0.0,0.0010614395141601562,0.0,0.0008478164672851562,0.497314453125,0.1923828125,0.039947509765625,0.0,0.0,0.036346435546875,0.0,0.0,0.0,0.0,0.0,0.0,KITTI/data_semantics/training/image_2/000159_10.png,Karlsruhe,kitti,281.0,50.78125,6.109375,19.5,10.8125,0.1710205078125,0.3221801817417145,0.36284616589546204,1.0,0.0,0.8307322859764099,-0.7245995998382568,1.0048828125,-1.841796875,False,False,False,False,False,False,False,False,False,False,False,False,False,False,False,False,False,False,False,False,False,False,False,False,False,False,False,False,False,False,validation_83,0,validation,0,unlabeled,6a6b7dddff0fe74e679d0d73,2026-08-12T18:19:51.364203,True
,0.13401590287685394,0.3382110297679901,0.11436878889799118,0.3697391450405121,0.0,0.005059882532805204,0.0031310843769460917,0.0,0.013394773006439209,0.3902494013309479,0.0,0.003389967605471611,0.0,0.0,0.3318343460559845,0.02557787485420704,0.0,0.0,0.0,0.0,50.649497985839844,58.328102111816406,76.83668518066406,85.08576965332031,94.73333740234375,55.93528747558594,3.998422622680664,56.8821907043457,60.973785400390625,10.562896728515625,11.78741455078125,27.056121826171875,1.556539535522461,49.13658905029297,2.0193099975585938,8.668279647827148,8.45189094543457,3.4737110137939453,33.92152786254883,45.0,0.1719970703125,0.06695556640625,0.2841796875,0.0,0.00484466552734375,0.0017642974853515625,0.0,0.00762939453125,0.2379150390625,0.0,0.00039958953857421875,0.0,0.0,0.1630859375,0.0014495849609375,0.0,0.0,0.0,0.0,0.059844970703125,KITTI/data_semantics/training/image_2/000152_10.png,Karlsruhe,kitti,281.0,50.78125,6.109375,19.5,10.8125,0.1710205078125,0.2615007758140564,0.36364927887916565,1.0,0.0,0.6877213716506958,-0.724190890789032,1.0048828125,-1.841796875,False,False,False,False,False,False,False,False,False,False,False,False,False,False,False,False,False,False,False,False,False,False,False,False,False,False,False,False,False,False,validation_45,0,validation,0,unlabeled,6a6b7dddff0fe74e679d0d73,2026-08-12T18:20:06.549320,True
,0.11391884088516235,0.21137647330760956,0.0,0.0,0.0,0.0,0.0008969572372734547,0.0,0.0,0.7540353536605835,0.2300456315279007,0.3310285806655884,0.0,0.0,0.039837952703237534,0.0,0.0,0.0,0.0,0.0,67.05879974365234,39.922760009765625,86.7012939453125,88.3451919555664,96.76704406738281,87.07747650146484,4.642677307128906,48.29955291748047,86.40794372558594,9.276151657104492,7.5771331787109375,69.40970611572266,1.6448974609375,60.4527473449707,0.4638671875,0.23598670959472656,0.12111663818359375,0.2857208251953125,15.470314025878906,44.0,0.14208984375,0.0,0.0,0.0,0.0,0.0007939338684082031,0.0,0.0,0.6513671875,0.1563720703125,0.025115966796875,0.0,0.0,0.024078369140625,0.0,0.0,0.0,0.0,0.0,0.0,KITTI/data_semantics/training/image_2/000068_10.png,Karlsruhe,kitti,281.0,50.78125,6.109375,19.5,10.8125,0.1710205078125,0.35135021805763245,0.36524686217308044,1.0,0.0,0.9055818319320679,-0.7183845639228821,1.0048828125,-1.841796875,False,False,False,False,False,False,False,False,False,False,False,False,False,False,False,False,False,False,False,False,False,False,False,False,False,False,False,False,False,False,validation_44,0,validation,0,unlabeled,6a6b7dddff0fe74e679d0d73,2026-08-12T18:19:59.137396,True
,0.13844513893127441,0.47659429907798767,0.05269517004489899,0.0,0.017130360007286072,0.0103968670591712,0.04071388021111488,0.16207203269004822,0.004097985103726387,0.7703698873519897,0.08514569699764252,0.23716509342193604,0.0,0.0,0.3619781732559204,0.0,0.0,0.0,0.0,0.0,72.70259857177734,72.8921890258789,76.23757934570312,88.4268798828125,96.05660247802734,44.87300109863281,3.5987377166748047,32.253883361816406,52.901554107666016,29.879426956176758,15.987253189086914,59.12738037109375,4.750633239746094,17.502164840698242,1.317453384399414,3.4643173217773438,5.56492805480957,0.49004554748535156,22.484731674194336,80.0,0.346435546875,0.038421630859375,0.0,0.01522064208984375,0.00998687744140625,0.0182647705078125,0.01070404052734375,0.0013294219970703125,0.40771484375,0.0254669189453125,0.03790283203125,0.0,0.0,0.0633544921875,0.0,0.0,0.0,0.0,0.0,0.025238037109375,KITTI/data_semantics/training/image_2/000022_10.png,Karlsruhe,kitti,281.0,50.78125,6.109375,19.5,10.8125,0.1710205078125,0.27567076683044434,0.3789307773113251,1.0,0.0,0.7209161520004272,-0.684474766254425,1.0048828125,-1.841796875,False,False,False,False,False,False,False,False,False,False,False,False,False,False,False,False,False,False,False,False,False,False,False,False,False,False,False,False,False,False,validation_80,0,validation,0,unlabeled,6a6b7dddff0fe74e679d0d73,2026-08-12T18:19:16.152850,True
,0.134913831949234,0.3893246054649353,0.0,0.03525229170918465,0.0,0.0,0.03638060763478279,0.002964932005852461,0.002545982366427779,0.4278835952281952,0.40826889872550964,0.3315150737762451,0.0,0.0,0.25928956270217896,0.0424649752676487,0.010910309851169586,0.0,0.0,0.0,61.86990737915039,55.438568115234375,74.18427276611328,84.7646255493164,86.36407470703125,62.82663345336914,5.596733093261719,36.07206344604492,73.78086853027344,51.72271728515625,17.049121856689453,31.461811065673828,1.2465953826904297,21.42491340637207,7.974720001220703,8.356904983520508,0.2803325653076172,0.3159046173095703,11.30838394165039,90.0,0.2408447265625,0.0,0.026153564453125,0.0,0.0,0.02288818359375,0.0001659393310546875,0.0009183883666992188,0.315673828125,0.211181640625,0.056610107421875,0.0,0.0,0.055816650390625,0.00945281982421875,0.00130462646484375,0.0,0.0,0.0,0.0589599609375,KITTI/data_semantics/training/image_2/000089_10.png,Karlsruhe,kitti,281.0,50.78125,6.109375,19.5,10.8125,0.1710205078125,0.3185881972312927,0.3436391055583954,1.0,0.0,0.8291590809822083,-0.775385856628418,1.0048828125,-1.841796875,False,False,False,False,False,False,False,False,False,False,False,False,False,False,False,False,False,False,False,False,False,False,False,False,False,False,False,False,False,False,validation_90,0,validation,0,unlabeled,6a6b7dddff0fe74e679d0d73,2026-08-12T18:19:51.364203,True
,0.11307137459516525,0.20222468674182892,0.0,0.0,0.0,0.0,0.006490098312497139,0.0,0.0007763402536511421,0.6663703322410583,0.3394770622253418,0.4015871584415436,0.0,0.0,0.02504544146358967,0.0,0.0,0.0,0.0,0.0,68.47677612304688,43.96247863769531,90.4267807006836,90.34896087646484,95.67671203613281,85.35514068603516,4.50749397277832,44.591758728027344,86.89613342285156,17.083215713500977,5.804204940795898,50.56977081298828,2.2318363189697266,53.438331604003906,0.711822509765625,0.6987094879150391,0.39811134338378906,0.12598037719726562,9.23919677734375,73.0,0.13916015625,0.0,0.0,0.0,0.0,0.005950927734375,0.0,0.00034618377685546875,0.5791015625,0.23876953125,0.0233154296875,0.0,5.8650970458984375e-05,0.0133819580078125,0.0,0.0,0.0,8.58306884765625e-06,0.0,0.0,KITTI/data_semantics/training/image_2/000069_10.png,Karlsruhe,kitti,281.0,50.78125,6.109375,19.5,10.8125,0.1710205078125,0.329414039850235,0.3447810113430023,1.0,0.0,0.8479251861572266,-0.7708531022071838,1.0048828125,-1.841796875,False,False,False,False,False,False,False,False,False,False,False,False,False,False,False,False,False,False,False,False,False,False,False,False,False,False,False,False,False,False,validation_73,0,validation,0,unlabeled,6a6b7dddff0fe74e679d0d73,2026-08-12T18:19:59.137396,True
,0.1464831531047821,0.32837381958961487,0.18819424510002136,0.008448269218206406,0.0,0.0,0.018849890679121017,0.040785886347293854,0.014145388267934322,0.6432777047157288,0.09430907666683197,0.3466680943965912,0.010173555463552475,0.0,0.22312654554843903,0.0,0.0,0.0,0.0,0.00812468770891428,69.17786407470703,48.54168701171875,76.89657592773438,62.976932525634766,61.43269348144531,59.767913818359375,18.986177444458008,33.4010124206543,66.90487670898438,29.23712730407715,31.76398277282715,44.18458938598633,5.327367782592773,32.460357666015625,11.7156982421875,5.998086929321289,1.705026626586914,2.092742919921875,16.805124282836914,76.0,0.2274169921875,0.0914306640625,0.006496429443359375,0.0,0.0,0.01126861572265625,0.007770538330078125,0.0047454833984375,0.430419921875,0.02764892578125,0.11041259765625,0.00449371337890625,0.0,0.0726318359375,0.0,0.0,0.0,0.0,0.0015201568603515625,0.0037689208984375,KITTI/data_semantics/training/image_2/000008_10.png,Karlsruhe,kitti,281.0,50.78125,6.109375,19.5,10.8125,0.1710205078125,0.32969656586647034,0.3724314272403717,1.0,0.0,0.8631606698036194,-0.701430082321167,1.0048828125,-1.841796875,False,False,False,False,False,False,False,False,False,False,False,False,False,False,False,False,False,False,False,False,False,False,False,False,False,False,False,False,False,False,validation_76,0,validation,0,unlabeled,6a6b7dddff0fe74e679d0d73,2026-08-12T18:20:29.385031,True
,0.12873591482639313,0.28787216544151306,0.0,0.0,0.0,0.0,0.004779805429279804,0.0,0.0,0.7765997052192688,0.48160070180892944,0.3709099292755127,0.0,0.0,0.0002181278687203303,0.5894328951835632,0.0,0.0,0.0,0.0,49.79052734375,53.2978515625,80.7768325805664,94.10505676269531,96.61717224121094,82.07955169677734,4.913616180419922,56.80088806152344,85.89119720458984,20.357131958007812,4.176568984985352,50.545738220214844,1.7769813537597656,43.059635162353516,4.51817512512207,4.066610336303711,2.152252197265625,0.05669593811035156,14.52789306640625,77.0,0.14404296875,0.0,0.0,0.0,0.0,0.00395965576171875,0.0,0.0,0.6669921875,0.135986328125,0.01549530029296875,0.0,0.0,0.00014829635620117188,0.0308685302734375,0.0,0.0,0.0,0.0,0.00244140625,KITTI/data_semantics/training/image_2/000060_10.png,Karlsruhe,kitti,281.0,50.78125,6.109375,19.5,10.8125,0.1710205078125,0.31194379925727844,0.3813483417034149,1.0,0.0,0.7951263785362244,-0.6761760115623474,1.0048828125,-1.841796875,False,False,False,False,False,False,False,False,False,False,False,False,False,False,False,False,False,False,False,False,False,False,False,False,False,False,False,False,False,False,validation_77,0,validation,0,unlabeled,6a6b7dddff0fe74e679d0d73,2026-08-12T18:19:59.137396,True
,0.12211184948682785,0.33602219820022583,0.0,0.027111835777759552,0.0,0.21772705018520355,0.006397174205631018,0.0,0.0,0.3743170499801636,0.3708007335662842,0.09306791424751282,0.0,0.0,0.0575985386967659,0.0,0.0,0.0,0.0,0.0,52.06494140625,61.64269256591797,65.81678771972656,97.01686096191406,99.5208740234375,59.720420837402344,2.6357650756835938,48.73966979980469,76.62601470947266,41.86220169067383,8.660507202148438,27.82144546508789,2.638101577758789,37.21442413330078,1.4888763427734375,3.339719772338867,4.012012481689453,0.2661705017089844,33.580970764160156,55.0,0.175048828125,0.0,0.0181121826171875,0.0,0.2166748046875,0.0038204193115234375,0.0,0.0,0.286865234375,0.1556396484375,0.00812530517578125,0.0,0.0,0.0214996337890625,0.0,0.0,0.0,0.0,0.0,0.1142578125,KITTI/data_semantics/training/image_2/000021_10.png,Karlsruhe,kitti,281.0,50.78125,6.109375,19.5,10.8125,0.1710205078125,0.27929073572158813,0.336620569229126,1.0,0.0,0.7274377346038818,-0.7930750846862793,1.0048828125,-1.841796875,False,False,False,False,False,False,False,False,False,False,False,False,False,False,False,False,False,False,False,False,False,False,False,False,False,False,False,False,False,False,validation_55,0,validation,0,unlabeled,6a6b7dddff0fe74e679d0d73,2026-08-12T18:20:06.549320,True
,0.1370309740304947,0.35648682713508606,0.04183605685830116,0.05071347951889038,0.0,0.0,0.01090074609965086,0.004846977069973946,0.0010337751591578126,0.6438707709312439,0.40894031524658203,0.2812606394290924,0.0,0.0,0.141860231757164,0.0,0.0,0.0,0.0,0.0,63.7904167175293,51.851036071777344,67.45156860351562,74.37252807617188,86.0950927734375,75.61507415771484,8.544588088989258,49.031734466552734,72.76668548583984,25.548696517944336,13.596773147583008,42.829322814941406,1.0116100311279297,52.435829162597656,5.738162994384766,2.815389633178711,0.6392002105712891,2.029085159301758,17.73967742919922,42.0,0.2274169921875,0.02197265625,0.03424072265625,0.0,0.0,0.00823974609375,0.0004591941833496094,0.0005068778991699219,0.468505859375,0.10546875,0.038299560546875,0.0,0.0,0.07470703125,0.0,0.0,0.0,0.0,0.0,0.0201568603515625,KITTI/data_semantics/training/image_2/000143_10.png,Karlsruhe,kitti,281.0,50.78125,6.109375,19.5,10.8125,0.1710205078125,0.35034987330436707,0.4437793493270874,1.0,0.0,0.9088261127471924,-0.5169079303741455,1.0048828125,-1.841796875,False,False,False,False,False,False,False,False,False,False,False,False,False,False,False,False,False,False,False,False,False,False,False,False,False,False,False,False,False,False,validation_42,0,validation,0,unlabeled,6a6b7dddff0fe74e679d0d73,2026-08-12T18:19:59.137396,True
,0.12107835710048676,0.29350268840789795,0.002689730143174529,0.38075879216194153,0.0,0.0,0.012370840646326542,0.0009215847821906209,0.0026605254970490932,0.27324825525283813,0.22670064866542816,0.22213460505008698,0.0,0.0,0.1764562577009201,0.0104862404987216,0.0,0.0,0.0,0.0,55.83171844482422,46.89064025878906,69.36387634277344,69.12932586669922,71.51012420654297,70.1173324584961,10.658645629882812,51.47390365600586,63.16871643066406,32.49602508544922,26.665878295898438,32.320213317871094,1.008749008178711,48.71330261230469,12.904500961303711,10.689926147460938,3.1961917877197266,0.4306316375732422,10.90846061706543,88.0,0.163818359375,0.001262664794921875,0.26416015625,0.0,0.0,0.00867462158203125,9.822845458984375e-05,0.001369476318359375,0.172607421875,0.076416015625,0.059234619140625,0.0,0.0,0.08599853515625,0.001819610595703125,0.0,0.0,0.0,0.0,0.16455078125,KITTI/data_semantics/training/image_2/000121_10.png,Karlsruhe,kitti,281.0,50.78125,6.109375,19.5,10.8125,0.1710205078125,0.27386894822120667,0.36703503131866455,1.0,0.0,0.7215062379837036,-0.7154302000999451,1.0048828125,-1.841796875,False,False,False,False,False,False,False,False,False,False,False,False,False,False,False,False,False,False,False,False,False,False,False,False,False,False,False,False,False,False,validation_88,0,validation,0,unlabeled,6a6b7dddff0fe74e679d0d73,2026-08-12T18:20:29.385031,True
,0.13508130609989166,0.29613497853279114,0.029130375012755394,0.0,0.0,0.02385428361594677,0.018897153437137604,0.013890676200389862,0.011286037974059582,0.6448254585266113,0.15415510535240173,0.510461151599884,0.0,0.0,0.1575206071138382,0.0,0.0,0.0,0.0,0.0,79.89630889892578,66.8611068725586,76.03736114501953,75.05764770507812,59.48100280761719,67.62771606445312,11.856842041015625,35.088775634765625,62.09087371826172,53.190948486328125,24.62329864501953,22.401952743530273,2.6467323303222656,20.633602142333984,13.224172592163086,8.412361145019531,0.4771709442138672,0.08630752563476562,8.219051361083984,96.0,0.2366943359375,0.01947021484375,0.0,0.0,0.014190673828125,0.01277923583984375,0.0016469955444335938,0.00395965576171875,0.400390625,0.082763671875,0.125732421875,0.0,0.0,0.032501220703125,0.0,0.0,0.0,0.0,0.0,0.0699462890625,KITTI/data_semantics/training/image_2/000177_10.png,Karlsruhe,kitti,281.0,50.78125,6.109375,19.5,10.8125,0.1710205078125,0.3618534803390503,0.3523882329463959,1.0,0.0,0.9411554932594299,-0.7531979084014893,1.0048828125,-1.841796875,False,False,False,False,False,False,False,False,False,False,False,False,False,False,False,False,False,False,False,False,False,False,False,False,False,False,False,False,False,False,validation_96,0,validation,0,unlabeled,6a6b7dddff0fe74e679d0d73,2026-08-12T18:19:16.152850,True
,0.13157767057418823,0.286173552274704,0.07188153266906738,0.0019655462820082903,0.0,0.017858454957604408,0.010207032784819603,0.0,0.0,0.7003166675567627,0.0846264436841011,0.309013307094574,0.0006625897949561477,0.0,0.26458901166915894,0.0,0.0,0.0,0.0,0.0,57.47241973876953,65.00225067138672,72.07493591308594,82.1573257446289,92.83375549316406,56.219482421875,4.828119277954102,37.05329895019531,71.23351287841797,31.676435470581055,20.058727264404297,34.82475280761719,0.7383346557617188,43.781089782714844,6.586408615112305,15.598201751708984,3.293466567993164,0.3052234649658203,17.71254539489746,69.0,0.16455078125,0.0467529296875,0.0014247894287109375,0.0,0.016571044921875,0.00577545166015625,0.0,0.0,0.4990234375,0.031463623046875,0.06378173828125,0.0002970695495605469,0.0,0.1158447265625,0.0,0.0,0.0,0.0,0.0,0.05450439453125,KITTI/data_semantics/training/image_2/000175_10.png,Karlsruhe,kitti,281.0,50.78125,6.109375,19.5,10.8125,0.1710205078125,0.28827598690986633,0.36090007424354553,1.0,0.0,0.7551274299621582,-0.7310847640037537,1.0048828125,-1.841796875,False,False,False,False,False,False,False,False,False,False,False,False,False,False,False,False,False,False,False,False,False,False,False,False,False,False,False,False,False,False,validation_69,0,validation,0,unlabeled,6a6b7dddff0fe74e679d0d73,2026-08-12T18:19:16.152850,True
,0.13013790547847748,0.2519187927246094,0.051402971148490906,0.0,0.0,0.0,0.009365759789943695,0.0,0.02768327109515667,0.6189443469047546,0.4919101893901825,0.4209175407886505,0.0,0.0,0.06385914981365204,0.0,0.0,0.0,0.0,0.0,83.9478988647461,56.69169616699219,86.64750671386719,81.89888000488281,86.82122039794922,71.537109375,4.772424697875977,45.619346618652344,77.8289794921875,25.340700149536133,8.988285064697266,35.90331268310547,0.7663726806640625,40.81096649169922,1.2385368347167969,1.4997482299804688,0.4386425018310547,0.1468181610107422,16.727352142333984,40.0,0.2115478515625,0.0298004150390625,0.0,0.0,0.0,0.00670623779296875,0.0,0.01263427734375,0.481689453125,0.1937255859375,0.037872314453125,0.0,0.0,0.02606201171875,0.0,0.0,0.0,0.0,0.0,0.0,KITTI/data_semantics/training/image_2/000158_10.png,Karlsruhe,kitti,281.0,50.78125,6.109375,19.5,10.8125,0.1710205078125,0.29590749740600586,0.3555947542190552,1.0,0.0,0.7663019895553589,-0.7435975670814514,1.0048828125,-1.841796875,False,False,False,False,False,False,False,False,False,False,False,False,False,False,False,False,False,False,False,False,False,False,False,False,False,False,False,False,False,False,validation_40,0,validation,0,unlabeled,6a6b7dddff0fe74e679d0d73,2026-08-12T18:19:59.137396,True
,0.13543196022510529,0.4937327802181244,0.020692260935902596,0.07154811918735504,0.001735525205731392,0.0005724883521907032,0.01382885780185461,0.0,0.001701615983620286,0.6258999109268188,0.25617727637290955,0.12895576655864716,0.0,0.0,0.0968688577413559,0.0,0.0,0.0,0.0,0.0,52.590606689453125,61.46116256713867,63.329124450683594,86.32564544677734,96.28558349609375,61.724998474121094,6.878662109375,42.012691497802734,71.9776611328125,47.039268493652344,15.320873260498047,35.44078063964844,2.4993419647216797,32.542083740234375,1.068258285522461,2.287006378173828,1.6005516052246094,0.1770496368408203,21.837711334228516,72.0,0.259765625,0.01271820068359375,0.045379638671875,0.0015087127685546875,0.0005512237548828125,0.00853729248046875,0.0,0.0009274482727050781,0.450439453125,0.12066650390625,0.02093505859375,0.0,0.0,0.031585693359375,0.0,0.0,0.0,0.0,0.0,0.046966552734375,KITTI/data_semantics/training/image_2/000107_10.png,Karlsruhe,kitti,281.0,50.78125,6.109375,19.5,10.8125,0.1710205078125,0.2773953080177307,0.3583489656448364,1.0,0.0,0.7224531769752502,-0.7370786666870117,1.0048828125,-1.841796875,False,False,False,False,False,False,False,False,False,False,False,False,False,False,False,False,False,False,False,False,False,False,False,False,False,False,False,False,False,False,validation_72,0,validation,0,unlabeled,6a6b7dddff0fe74e679d0d73,2026-08-12T18:20:29.385031,True
,0.11544028669595718,0.1711587756872177,0.05573147535324097,0.0,0.0,0.0,0.0226009301841259,0.0,5.422716640168801e-05,0.5662147402763367,0.2394586056470871,0.561043918132782,0.0,0.05790888890624046,0.06038303300738335,0.0,0.0,0.0,0.0,0.02727261558175087,85.16769409179688,38.780784606933594,84.91978454589844,83.79521179199219,81.60600280761719,70.48168182373047,1.8863677978515625,44.84596252441406,83.10604095458984,29.319429397583008,8.633136749267578,34.91997528076172,4.2728424072265625,40.74549865722656,5.079412460327148,0.7895469665527344,0.3532886505126953,1.9722461700439453,11.445856094360352,47.0,0.145751953125,0.021881103515625,0.0,0.0,0.0,0.01593017578125,0.0,2.4318695068359375e-05,0.470458984375,0.264892578125,0.048431396484375,0.0,0.003047943115234375,0.02459716796875,0.0,0.0,0.0,0.0,0.004245758056640625,0.0006346702575683594,KITTI/data_semantics/training/image_2/000056_10.png,Karlsruhe,kitti,281.0,50.78125,6.109375,19.5,10.8125,0.1710205078125,0.29214704036712646,0.3290240466594696,1.0,0.0,0.7531834840774536,-0.8121025562286377,1.0048828125,-1.841796875,False,False,False,False,False,False,False,False,False,False,False,False,False,False,False,False,False,False,False,False,False,False,False,False,False,False,False,False,False,False,validation_47,0,validation,0,unlabeled,6a6b7dddff0fe74e679d0d73,2026-08-12T18:20:29.385031,True
,0.13779579102993011,0.10874076187610626,0.05992148816585541,0.014318743720650673,0.0,0.008595915511250496,0.01372068002820015,0.0,0.0024463925510644913,0.5477470755577087,0.5635388493537903,0.3789415657520294,0.003240890335291624,0.0,0.2658388912677765,0.0,0.0,0.0,0.0,0.0,80.6263427734375,56.03900146484375,75.6479263305664,77.9225845336914,88.32335662841797,61.312103271484375,5.822134017944336,25.727319717407227,80.26280212402344,34.41791534423828,20.230436325073242,28.926992416381836,1.4965057373046875,43.94693374633789,2.799081802368164,5.945444107055664,5.068159103393555,1.0282039642333984,14.960336685180664,85.0,0.0880126953125,0.0341796875,0.010833740234375,0.0,0.00759124755859375,0.008514404296875,0.0,0.0006432533264160156,0.439697265625,0.2025146484375,0.0770263671875,0.00107574462890625,0.0,0.1168212890625,0.0,0.0,0.0,0.0,0.0,0.0131378173828125,KITTI/data_semantics/training/image_2/000058_10.png,Karlsruhe,kitti,281.0,50.78125,6.109375,19.5,10.8125,0.1710205078125,0.3737523853778839,0.38825538754463196,1.0,0.0,0.9708675742149353,-0.6600810885429382,1.0048828125,-1.841796875,False,False,False,False,False,False,False,False,False,False,False,False,False,False,False,False,False,False,False,False,False,False,False,False,False,False,False,False,False,False,validation_85,0,validation,0,unlabeled,6a6b7dddff0fe74e679d0d73,2026-08-12T18:20:06.549320,True
,0.14219211041927338,0.3685068190097809,0.11291266977787018,0.10381663590669632,0.0033287261612713337,0.0,0.012245460413396358,0.0,0.03485902398824692,0.5716675519943237,0.17505621910095215,0.3945426642894745,0.0,0.0,0.10610557347536087,0.0,0.0,0.0,0.0,0.0,63.496063232421875,55.888031005859375,62.78681945800781,84.31644439697266,81.85501098632812,57.747886657714844,8.764457702636719,33.37841033935547,62.87221908569336,51.819610595703125,26.979780197143555,32.303714752197266,2.03399658203125,33.544921875,10.233545303344727,5.079126358032227,4.560756683349609,0.06299018859863281,8.560514450073242,93.0,0.2340087890625,0.06829833984375,0.065185546875,0.0028076171875,0.0,0.00707244873046875,0.0,0.01190185546875,0.359619140625,0.0908203125,0.1064453125,0.0,0.0,0.03558349609375,0.0,0.0,0.0,0.0,0.0,0.018341064453125,KITTI/data_semantics/training/image_2/000105_10.png,Karlsruhe,kitti,281.0,50.78125,6.109375,19.5,10.8125,0.1710205078125,0.29749035835266113,0.3416954576969147,1.0,0.0,0.7781046628952026,-0.7804744839668274,1.0048828125,-1.841796875,False,False,False,False,False,False,False,False,False,False,False,False,False,False,False,False,False,False,False,False,False,False,False,False,False,False,False,False,False,False,validation_93,0,validation,0,unlabeled,6a6b7dddff0fe74e679d0d73,2026-08-12T18:19:16.152850,True
,0.14270377159118652,0.4947895109653473,0.1726377308368683,0.010295380838215351,0.0,0.0,0.03613122180104256,0.05450994893908501,0.0222453773021698,0.6253750920295715,0.11915025115013123,0.34605881571769714,0.03565672039985657,0.0,0.09590856730937958,0.0,0.0,0.0,0.0,0.0,56.89025115966797,55.856990814208984,71.41409301757812,65.18869018554688,68.12458038330078,64.69483184814453,20.042753219604492,42.92426300048828,60.44960021972656,34.678985595703125,28.708744049072266,56.71086120605469,4.463720321655273,25.856637954711914,11.688232421875,8.612203598022461,2.727031707763672,0.6246566772460938,16.0738468170166,66.0,0.281494140625,0.09649658203125,0.007350921630859375,0.0,0.0,0.02337646484375,0.01097869873046875,0.009552001953125,0.3779296875,0.042572021484375,0.0994873046875,0.0202178955078125,0.0,0.0249176025390625,0.0,0.0,0.0,0.0,0.0,0.005512237548828125,KITTI/data_semantics/training/image_2/000009_10.png,Karlsruhe,kitti,281.0,50.78125,6.109375,19.5,10.8125,0.1710205078125,0.31804221868515015,0.3758352994918823,1.0,0.0,0.835435688495636,-0.6927434802055359,1.0048828125,-1.841796875,False,False,False,False,False,False,False,False,False,False,False,False,False,False,False,False,False,False,False,False,False,False,False,False,False,False,False,False,False,False,validation_66,0,validation,0,unlabeled,6a6b7dddff0fe74e679d0d73,2026-08-12T18:20:29.385031,True
,0.12721610069274902,0.23100651800632477,0.0,0.43963614106178284,0.0,0.0,0.0006711618043482304,0.0,0.00037863239413127303,0.284777969121933,0.0,0.058226875960826874,0.0,0.0,0.45491039752960205,0.0,0.0,0.0,0.0,0.0,52.943946838378906,45.01142501831055,70.38703155517578,53.442047119140625,80.86004638671875,62.947227478027344,10.470199584960938,55.412147521972656,50.853729248046875,17.702245712280273,18.282604217529297,44.96164321899414,0.8473396301269531,74.16634368896484,31.02421760559082,26.79438591003418,0.7056713104248047,1.8947124481201172,28.59020233154297,65.0,0.122314453125,0.0,0.309326171875,0.0,0.0,0.00042247772216796875,0.0,0.000209808349609375,0.144775390625,0.0,0.01064300537109375,0.0,0.0,0.33740234375,0.0,0.0,0.0,0.0,0.0,0.07476806640625,KITTI/data_semantics/training/image_2/000005_10.png,Karlsruhe,kitti,281.0,50.78125,6.109375,19.5,10.8125,0.1710205078125,0.2926556169986725,0.3778265714645386,1.0,0.0,0.7599630951881409,-0.6876155734062195,1.0048828125,-1.841796875,False,False,False,False,False,False,False,False,False,False,False,False,False,False,False,False,False,False,False,False,False,False,False,False,False,False,False,False,False,False,validation_65,0,validation,0,unlabeled,6a6b7dddff0fe74e679d0d73,2026-08-12T18:19:59.137396,True
,0.1253151297569275,0.3186502456665039,0.02872743457555771,0.2838316857814789,0.01207241415977478,0.0,0.017105400562286377,0.0056436313316226006,0.004257702734321356,0.4037257432937622,0.18311771750450134,0.36564454436302185,0.0,0.0,0.23202835023403168,0.0,0.0,0.0,0.0,0.0,54.641578674316406,48.773529052734375,62.59093475341797,74.66716766357422,81.96177673339844,72.74627685546875,13.71755599975586,61.12632751464844,63.518524169921875,38.29693603515625,14.709949493408203,41.1693115234375,0.2707958221435547,57.033443450927734,5.13310432434082,10.177469253540039,1.325845718383789,0.9489059448242188,18.033218383789062,49.0,0.174072265625,0.014007568359375,0.1776123046875,0.0090179443359375,0.0,0.01244354248046875,0.000812530517578125,0.00260162353515625,0.25634765625,0.07061767578125,0.053802490234375,0.0,0.0,0.13232421875,0.0,0.0,0.0,0.0,0.0,0.09619140625,KITTI/data_semantics/training/image_2/000126_10.png,Karlsruhe,kitti,281.0,50.78125,6.109375,19.5,10.8125,0.1710205078125,0.29197487235069275,0.36319541931152344,1.0,0.0,0.76313316822052,-0.7250911593437195,1.0048828125,-1.841796875,False,False,False,False,False,False,False,False,False,False,False,False,False,False,False,False,False,False,False,False,False,False,False,False,False,False,False,False,False,False,validation_49,0,validation,0,unlabeled,6a6b7dddff0fe74e679d0d73,2026-08-12T18:19:16.152850,True
,0.13688261806964874,0.41716480255126953,0.05864722654223442,0.47501447796821594,0.0,0.0,0.01040163915604353,0.0,0.034939151257276535,0.3056367039680481,0.06146616116166115,0.14341840147972107,0.0,0.0,0.2744762897491455,0.0,0.0,0.0,0.0,0.0,55.66987991333008,54.121253967285156,72.18055725097656,66.27574157714844,69.18468475341797,67.19593811035156,11.05356216430664,48.593807220458984,44.91996765136719,11.534786224365234,14.831256866455078,29.418563842773438,2.714204788208008,67.88072204589844,37.00571060180664,36.76104736328125,6.711864471435547,0.7659435272216797,21.169281005859375,95.0,0.232421875,0.031768798828125,0.3427734375,0.0,0.0,0.006988525390625,0.0,0.0169830322265625,0.1373291015625,0.007106781005859375,0.021270751953125,0.0,0.0,0.186279296875,0.0,0.0,0.0,0.0,0.0,0.0170440673828125,KITTI/data_semantics/training/image_2/000131_10.png,Karlsruhe,kitti,281.0,50.78125,6.109375,19.5,10.8125,0.1710205078125,0.3147692382335663,0.3579157590866089,1.0,0.0,0.8179970383644104,-0.7388203740119934,1.0048828125,-1.841796875,False,False,False,False,False,False,False,False,False,False,False,False,False,False,False,False,False,False,False,False,False,False,False,False,False,False,False,False,False,False,validation_95,0,validation,0,unlabeled,6a6b7dddff0fe74e679d0d73,2026-08-12T18:20:29.385031,True
,0.12898264825344086,0.26553794741630554,0.07532162964344025,0.0,0.0,0.01369503978639841,0.002828808967024088,0.0,0.0,0.7947702407836914,0.1675233095884323,0.31779125332832336,0.0,0.0,0.0879344642162323,0.0,0.0,0.0,0.0,0.0,65.63048553466797,62.48064041137695,80.9977035522461,90.11116027832031,95.15824127197266,54.90150451660156,2.74658203125,44.31800842285156,70.51453399658203,29.280710220336914,14.356660842895508,37.698936462402344,0.5031585693359375,29.034996032714844,3.6221981048583984,14.24112319946289,3.692340850830078,0.053119659423828125,11.67292594909668,81.0,0.1744384765625,0.047271728515625,0.0,0.0,0.013031005859375,0.001552581787109375,0.0,0.0,0.560546875,0.0631103515625,0.045989990234375,0.0,0.0,0.0255279541015625,0.0,0.0,0.0,0.0,0.0,0.068603515625,KITTI/data_semantics/training/image_2/000174_10.png,Karlsruhe,kitti,281.0,50.78125,6.109375,19.5,10.8125,0.1710205078125,0.27340805530548096,0.35064375400543213,1.0,0.0,0.7120192646980286,-0.7570245862007141,1.0048828125,-1.841796875,False,False,False,False,False,False,False,False,False,False,False,False,False,False,False,False,False,False,False,False,False,False,False,False,False,False,False,False,False,False,validation_81,0,validation,0,unlabeled,6a6b7dddff0fe74e679d0d73,2026-08-12T18:20:06.549320,True
,0.13068322837352753,0.15445823967456818,0.09140627831220627,0.006584925577044487,0.0,0.01296522468328476,0.018650338053703308,0.0,0.0031906277872622013,0.5127569437026978,0.6231310367584229,0.35455018281936646,0.0048027667216956615,0.0,0.07334597408771515,0.0,0.0,0.0,0.0,0.0,66.24383544921875,54.27436828613281,75.25205993652344,84.89441680908203,93.02668762207031,65.0553207397461,6.539011001586914,28.140687942504883,84.6568603515625,32.60526657104492,17.806673049926758,38.627769470214844,3.452587127685547,42.86503601074219,1.0097026824951172,0.5900859832763672,0.9065628051757812,1.3592720031738281,15.458250045776367,62.0,0.1029052734375,0.052001953125,0.004955291748046875,0.0,0.01206207275390625,0.0121612548828125,0.0,0.000904083251953125,0.43408203125,0.254638671875,0.06494140625,0.0018911361694335938,0.0,0.03143310546875,0.0,0.0,0.0,0.0,0.0,0.028106689453125,KITTI/data_semantics/training/image_2/000059_10.png,Karlsruhe,kitti,281.0,50.78125,6.109375,19.5,10.8125,0.1710205078125,0.3616271913051605,0.3806716501712799,1.0,0.0,0.9380218386650085,-0.679305374622345,1.0048828125,-1.841796875,False,False,False,False,False,False,False,False,False,False,False,False,False,False,False,False,False,False,False,False,False,False,False,False,False,False,False,False,False,False,validation_62,0,validation,0,unlabeled,6a6b7dddff0fe74e679d0d73,2026-08-12T18:20:13.940653,True
,0.12387076020240784,0.2069428414106369,0.0,0.0,0.0,0.0,0.0016822883626446128,0.0,0.00010543011740082875,0.6009369492530823,0.5270782709121704,0.49708858132362366,0.0,0.0,0.040121693164110184,0.0,0.0,0.0,0.0,0.0,67.60926055908203,47.579383850097656,80.6264877319336,89.0980224609375,88.08007049560547,84.75017547607422,2.4225234985351562,41.15619659423828,86.00926208496094,30.29155731201172,6.018829345703125,43.87311935424805,2.711057662963867,37.33363342285156,2.879953384399414,2.0586013793945312,0.21734237670898438,0.07266998291015625,12.955665588378906,78.0,0.14013671875,0.0,0.0,0.0,0.0,0.00142669677734375,0.0,5.435943603515625e-05,0.51708984375,0.296630859375,0.0299224853515625,0.0,0.0,0.01497650146484375,0.0,0.0,0.0,0.0,0.0,0.0,KITTI/data_semantics/training/image_2/000063_10.png,Karlsruhe,kitti,281.0,50.78125,6.109375,19.5,10.8125,0.1710205078125,0.3187973201274872,0.3400965631008148,1.0,0.0,0.8190284967422485,-0.7829596996307373,1.0048828125,-1.841796875,False,False,False,False,False,False,False,False,False,False,False,False,False,False,False,False,False,False,False,False,False,False,False,False,False,False,False,False,False,False,validation_78,0,validation,0,unlabeled,6a6b7dddff0fe74e679d0d73,2026-08-12T18:19:59.137396,True
,0.12629763782024384,0.1936754435300827,0.0,0.0,0.0,0.0,0.0018601331394165754,0.0,0.0,0.6742175221443176,0.4303571283817291,0.5433487296104431,0.0,0.0,0.029234372079372406,0.0,0.0,0.0,0.0,0.0,80.39016723632812,53.5655517578125,86.74931335449219,92.02647399902344,91.04385375976562,82.02981567382812,2.5933265686035156,33.444881439208984,84.53250122070312,30.454540252685547,6.523561477661133,36.977291107177734,1.8190860748291016,31.01506233215332,2.253866195678711,3.257322311401367,0.6174087524414062,0.03886222839355469,11.787939071655273,64.0,0.15576171875,0.0,0.0,0.0,0.0,0.00153350830078125,0.0,0.0,0.56982421875,0.228271484375,0.035430908203125,0.0,0.0,0.009063720703125,0.0,0.0,0.0,0.0,0.0,0.0,KITTI/data_semantics/training/image_2/000062_10.png,Karlsruhe,kitti,281.0,50.78125,6.109375,19.5,10.8125,0.1710205078125,0.2988987863063812,0.3328947424888611,1.0,0.0,0.7699408531188965,-0.8016232848167419,1.0048828125,-1.841796875,False,False,False,False,False,False,False,False,False,False,False,False,False,False,False,False,False,False,False,False,False,False,False,False,False,False,False,False,False,False,validation_64,0,validation,0,unlabeled,6a6b7dddff0fe74e679d0d73,2026-08-12T18:19:59.137396,True
,0.14260537922382355,0.5775701403617859,0.0788612887263298,0.0035090469755232334,0.0,0.0,0.06665010005235672,0.11780523508787155,0.014234631322324276,0.386829674243927,0.05867677181959152,0.658416211605072,0.0,0.0,0.2843974232673645,0.007048089988529682,0.0,0.0,0.0,0.0,67.44170379638672,57.53550720214844,77.8501968383789,60.205078125,64.87369537353516,69.649169921875,17.951679229736328,46.627044677734375,46.34370803833008,28.887605667114258,34.43946838378906,42.32201385498047,4.769611358642578,13.483619689941406,20.635604858398438,10.944604873657227,2.1979331970214844,1.8956184387207031,15.319538116455078,89.0,0.3896484375,0.045379638671875,0.0027313232421875,0.0,0.0,0.046417236328125,0.021270751953125,0.0066986083984375,0.1793212890625,0.018280029296875,0.226806640625,0.0,0.0,0.03851318359375,0.0016498565673828125,0.0,0.0,0.0,0.0,0.0233612060546875,KITTI/data_semantics/training/image_2/000053_10.png,Karlsruhe,kitti,281.0,50.78125,6.109375,19.5,10.8125,0.1710205078125,0.2715642750263214,0.518399715423584,1.0,0.0,0.7249204516410828,-0.3268927037715912,1.0048828125,-1.841796875,False,False,False,False,False,False,False,False,False,False,False,False,False,False,False,False,False,False,False,False,False,False,False,False,False,False,False,False,False,False,validation_89,0,validation,0,unlabeled,6a6b7dddff0fe74e679d0d73,2026-08-12T18:20:06.549320,True
,0.13971926271915436,0.238858163356781,0.009234466589987278,0.0,0.0,0.0,0.008260543458163738,0.0,0.0,0.5996374487876892,0.5546485781669617,0.5358059406280518,0.000641045393422246,0.0,0.034837495535612106,0.0,0.0,0.0,0.0,0.0,83.59627532958984,50.557472229003906,79.6030044555664,79.93626403808594,84.10620880126953,66.75858306884766,2.974224090576172,35.79683303833008,75.95777893066406,35.06879806518555,21.29964828491211,37.0341796875,0.9786128997802734,27.898597717285156,3.7665843963623047,1.8578052520751953,5.411577224731445,0.025320053100585938,14.034605026245117,54.0,0.19970703125,0.004669189453125,0.0,0.0,0.0,0.00551605224609375,0.0,0.0,0.45556640625,0.20751953125,0.1141357421875,0.0010738372802734375,0.0,0.00972747802734375,0.0,0.0,0.0,0.0,0.0,0.001987457275390625,KITTI/data_semantics/training/image_2/000183_10.png,Karlsruhe,kitti,281.0,50.78125,6.109375,19.5,10.8125,0.1710205078125,0.2815472483634949,0.3467482328414917,1.0,0.0,0.734443187713623,-0.7668712735176086,1.0048828125,-1.841796875,False,False,False,False,False,False,False,False,False,False,False,False,False,False,False,False,False,False,False,False,False,False,False,False,False,False,False,False,False,False,validation_54,0,validation,0,unlabeled,6a6b7dddff0fe74e679d0d73,2026-08-12T18:20:13.940653,True
,0.13145941495895386,0.46955859661102295,0.08273804187774658,0.1467638909816742,0.046647585928440094,0.00850728154182434,0.030104223638772964,0.01947866380214691,0.012818088755011559,0.4645788073539734,0.28761374950408936,0.468586802482605,0.005216857418417931,0.0,0.13018842041492462,0.0,0.008288159966468811,0.0,0.0,0.0,54.05364227294922,66.8702621459961,70.51310729980469,71.47225952148438,83.41431427001953,75.03295135498047,12.172508239746094,55.22794723510742,68.18900299072266,9.876728057861328,15.719366073608398,57.454254150390625,2.9664993286132812,27.02188491821289,5.080413818359375,11.388540267944336,2.8312206268310547,1.068115234375,30.338191986083984,43.0,0.25390625,0.05584716796875,0.103515625,0.033355712890625,0.0070953369140625,0.0226287841796875,0.002460479736328125,0.007114410400390625,0.31689453125,0.0692138671875,0.0738525390625,0.0030155181884765625,0.0,0.035186767578125,0.0,0.000972747802734375,0.00034427642822265625,0.004520416259765625,0.0,0.01015472412109375,KITTI/data_semantics/training/image_2/000001_10.png,Karlsruhe,kitti,281.0,50.78125,6.109375,19.5,10.8125,0.1710205078125,0.29261913895606995,0.3638031482696533,1.0,0.0,0.7650759220123291,-0.7238202691078186,1.0048828125,-1.841796875,False,False,False,False,False,False,False,False,False,False,False,False,False,False,False,False,False,False,False,False,False,False,False,False,False,False,False,False,False,False,validation_43,0,validation,0,unlabeled,6a6b7dddff0fe74e679d0d73,2026-08-12T18:20:06.549320,True
,0.1138317883014679,0.18883788585662842,0.052908655256032944,0.0,0.0,0.0,0.004090907052159309,0.0,0.0,0.4788542687892914,0.4122011959552765,0.40828943252563477,0.0,0.0,0.038721293210983276,0.0,0.0,0.0,0.0,0.0,82.62615203857422,34.43803787231445,82.3355712890625,85.6568832397461,83.68392181396484,77.07972717285156,4.371070861816406,39.46819305419922,82.32565307617188,29.71491813659668,12.281322479248047,40.19289016723633,3.4345626831054688,36.33298873901367,3.328704833984375,1.862955093383789,1.3766288757324219,0.45380592346191406,9.77320671081543,50.0,0.1561279296875,0.018310546875,0.0,0.0,0.0,0.003170013427734375,0.0,0.0,0.394287109375,0.362548828125,0.050201416015625,0.0,0.0,0.014068603515625,0.0,0.0,0.0,0.0,0.0,0.0013980865478515625,KITTI/data_semantics/training/image_2/000054_10.png,Karlsruhe,kitti,281.0,50.78125,6.109375,19.5,10.8125,0.1710205078125,0.2908702790737152,0.33761200308799744,1.0,0.0,0.7502605319023132,-0.7900100350379944,1.0048828125,-1.841796875,False,False,False,False,False,False,False,False,False,False,False,False,False,False,False,False,False,False,False,False,False,False,False,False,False,False,False,False,False,False,validation_50,0,validation,0,unlabeled,6a6b7dddff0fe74e679d0d73,2026-08-12T18:20:13.940653,True
,0.14867661893367767,0.47423720359802246,0.18481549620628357,0.006218851078301668,0.0,0.0,0.046760670840740204,0.1315014809370041,0.05300673842430115,0.6229915022850037,0.12909407913684845,0.3317539095878601,0.0,0.0,0.16599124670028687,0.0,0.0,0.0,0.0,0.0,57.60798645019531,54.948997497558594,70.88703918457031,69.97604370117188,72.62564086914062,56.87856674194336,19.99955177307129,32.81922149658203,58.885765075683594,31.768131256103516,31.12635612487793,53.08122634887695,2.4130821228027344,19.038009643554688,10.755729675292969,4.416418075561523,4.2469024658203125,0.7500648498535156,15.126943588256836,67.0,0.273193359375,0.1015625,0.0044097900390625,0.0,0.0,0.0265960693359375,0.0270843505859375,0.01739501953125,0.366943359375,0.04107666015625,0.103271484375,0.0,0.0,0.0316162109375,0.0,0.0,0.0,0.0,0.0,0.0068511962890625,KITTI/data_semantics/training/image_2/000012_10.png,Karlsruhe,kitti,281.0,50.78125,6.109375,19.5,10.8125,0.1710205078125,0.3139265477657318,0.3671756088733673,1.0,0.0,0.825855553150177,-0.7151128649711609,1.0048828125,-1.841796875,False,False,False,False,False,False,False,False,False,False,False,False,False,False,False,False,False,False,False,False,False,False,False,False,False,False,False,False,False,False,validation_67,0,validation,0,unlabeled,6a6b7dddff0fe74e679d0d73,2026-08-12T18:20:06.549320,True
,0.13878919184207916,0.1363690197467804,0.06472669541835785,0.0,0.0,0.0,0.0039044441655278206,0.0,0.0539102628827095,0.5931586623191833,0.40820813179016113,0.5440004467964172,0.0,0.0,0.3799847364425659,0.0,0.0,0.0,0.0,0.0,74.44405364990234,52.13041305541992,76.79753112792969,79.92587280273438,81.73551940917969,67.56053161621094,6.4525604248046875,44.834564208984375,80.07178497314453,33.23478698730469,8.83951187133789,28.533649444580078,1.1341094970703125,45.93915939331055,7.621431350708008,4.335594177246094,0.8006095886230469,2.898073196411133,20.142793655395508,56.0,0.101806640625,0.033782958984375,0.0,0.0,0.0,0.0026378631591796875,0.0,0.0244140625,0.474853515625,0.1375732421875,0.0482177734375,0.0,0.0,0.174560546875,0.0,0.0,0.0,0.0,0.0,0.001995086669921875,KITTI/data_semantics/training/image_2/000161_10.png,Karlsruhe,kitti,281.0,50.78125,6.109375,19.5,10.8125,0.1710205078125,0.31822115182876587,0.34628555178642273,1.0,0.0,0.8215650320053101,-0.7675009369850159,1.0048828125,-1.841796875,False,False,False,False,False,False,False,False,False,False,False,False,False,False,False,False,False,False,False,False,False,False,False,False,False,False,False,False,False,False,validation_56,0,validation,0,unlabeled,6a6b7dddff0fe74e679d0d73,2026-08-12T18:19:51.364203,True
,0.14248666167259216,0.5494452714920044,0.11292622238397598,0.38145413994789124,0.0,0.0,0.0022670701146125793,0.0,0.0041639837436378,0.39882078766822815,0.011870423331856728,0.006891977973282337,0.0,0.0,0.2251219004392624,0.0,0.0,0.0,0.0,0.03322984650731087,49.759246826171875,59.9217414855957,80.44791412353516,87.66212463378906,97.27043914794922,53.25603485107422,3.213834762573242,53.615760803222656,58.88362121582031,15.8721923828125,18.694400787353516,29.44626808166504,3.406524658203125,38.40522766113281,4.281139373779297,4.996681213378906,4.819965362548828,2.2964954376220703,25.100231170654297,99.0,0.2734375,0.06768798828125,0.306884765625,0.0,0.0,0.0012073516845703125,0.0,0.002231597900390625,0.240478515625,0.0021991729736328125,0.0012884140014648438,0.0,0.0,0.08648681640625,0.0006690025329589844,0.0,0.0,0.0,0.00846099853515625,0.0090179443359375,KITTI/data_semantics/training/image_2/000151_10.png,Karlsruhe,kitti,281.0,50.78125,6.109375,19.5,10.8125,0.1710205078125,0.2527812719345093,0.36550402641296387,1.0,0.0,0.6660111546516418,-0.7196044325828552,1.0048828125,-1.841796875,False,False,False,False,False,False,False,False,False,False,False,False,False,False,False,False,False,False,False,False,False,False,False,False,False,False,False,False,False,False,validation_99,0,validation,0,unlabeled,6a6b7dddff0fe74e679d0d73,2026-08-12T18:20:29.385031,True
,0.1492052525281906,0.36186057329177856,0.18907877802848816,0.008087712340056896,0.0,0.0,0.026116330176591873,0.041344545781612396,0.005009789485484362,0.6644262671470642,0.1581025868654251,0.33723339438438416,0.0037633657921105623,0.0,0.07102552056312561,0.04983393847942352,0.0,0.0,0.0,0.0034032221883535385,69.36087799072266,55.20172119140625,69.67682647705078,63.912818908691406,70.19905853271484,59.75360870361328,10.13484001159668,33.17060470581055,65.31219482421875,39.954803466796875,26.951074600219727,44.460533142089844,4.462146759033203,25.258588790893555,9.544038772583008,5.039119720458984,0.6916046142578125,0.4100322723388672,13.59100341796875,68.0,0.2509765625,0.10479736328125,0.005634307861328125,0.0,0.0,0.01560211181640625,0.004245758056640625,0.0016613006591796875,0.433837890625,0.06427001953125,0.09088134765625,0.0016756057739257812,0.0,0.0179443359375,0.004791259765625,0.0,0.0,0.0,0.00046253204345703125,0.0030059814453125,KITTI/data_semantics/training/image_2/000007_10.png,Karlsruhe,kitti,281.0,50.78125,6.109375,19.5,10.8125,0.1710205078125,0.318480908870697,0.3654990494251251,1.0,0.0,0.8331656455993652,-0.7190857529640198,1.0048828125,-1.841796875,False,False,False,False,False,False,False,False,False,False,False,False,False,False,False,False,False,False,False,False,False,False,False,False,False,False,False,False,False,False,validation_68,0,validation,0,unlabeled,6a6b7dddff0fe74e679d0d73,2026-08-12T18:19:59.137396,True
,0.1298300176858902,0.2705778181552887,0.060365643352270126,0.2691620886325836,0.03133288770914078,0.0,0.013014718890190125,0.0038953181356191635,0.0023557234089821577,0.3807551860809326,0.22722786664962769,0.29302918910980225,0.0,0.0,0.2550796866416931,0.0,0.0,0.0,0.0,0.0,56.916046142578125,50.39854049682617,67.66195678710938,74.21002197265625,73.66118621826172,69.15202331542969,13.869380950927734,51.49474334716797,66.62154388427734,30.421876907348633,20.401716232299805,36.83595657348633,1.521444320678711,42.61517333984375,4.815340042114258,6.895542144775391,2.673959732055664,0.9287834167480469,15.836095809936523,46.0,0.154052734375,0.0307769775390625,0.18212890625,0.0234527587890625,0.0,0.00902557373046875,0.0005402565002441406,0.00121307373046875,0.253662109375,0.06988525390625,0.059783935546875,0.0,0.0,0.10870361328125,0.0,0.0,0.0,0.0,0.0,0.1068115234375,KITTI/data_semantics/training/image_2/000125_10.png,Karlsruhe,kitti,281.0,50.78125,6.109375,19.5,10.8125,0.1710205078125,0.2780257761478424,0.34351763129234314,1.0,0.0,0.7283434271812439,-0.7757098078727722,1.0048828125,-1.841796875,False,False,False,False,False,False,False,False,False,False,False,False,False,False,False,False,False,False,False,False,False,False,False,False,False,False,False,False,False,False,validation_46,0,validation,0,unlabeled,6a6b7dddff0fe74e679d0d73,2026-08-12T18:20:13.940653,True
,0.13855992257595062,0.3383610248565674,0.00145447114482522,0.010131054557859898,0.005222922191023827,0.12297704815864563,0.003766007488593459,0.0,0.0,0.4304782748222351,0.406319797039032,0.41986045241355896,0.0,0.0,0.11390224099159241,0.0,0.0,0.0,0.0,0.0,53.47809600830078,54.58574295043945,64.88933563232422,85.371826171875,88.16466522216797,57.014991760253906,4.773616790771484,37.20512390136719,76.54166412353516,51.167823791503906,21.57735824584961,30.572080612182617,6.041765213012695,40.64970016479492,5.477809906005859,4.514217376708984,7.768344879150391,0.5636215209960938,15.157604217529297,61.0,0.180908203125,0.0007939338684082031,0.0074462890625,0.004459381103515625,0.10845947265625,0.0021495819091796875,0.0,0.0,0.32958984375,0.2081298828125,0.09075927734375,0.0,0.0,0.046295166015625,0.00022602081298828125,0.0,0.0,0.0,0.0,0.020904541015625,KITTI/data_semantics/training/image_2/000019_10.png,Karlsruhe,kitti,281.0,50.78125,6.109375,19.5,10.8125,0.1710205078125,0.29122182726860046,0.38631120324134827,1.0,0.0,0.7585520148277283,-0.66493159532547,1.0048828125,-1.841796875,False,False,False,False,False,False,False,False,False,False,False,False,False,False,False,False,False,False,False,False,False,False,False,False,False,False,False,False,False,False,validation_61,0,validation,0,unlabeled,6a6b7dddff0fe74e679d0d73,2026-08-12T18:20:13.940653,True
,0.12833479046821594,0.27080756425857544,0.02763224206864834,0.7036651372909546,0.0,0.0,0.012452159076929092,0.0,0.0,0.0,0.0,0.11725856363773346,0.0,0.0,0.2076856642961502,0.0,0.0,0.0,0.0,0.0005188966752029955,34.78841781616211,64.58411407470703,89.65721130371094,61.36808395385742,79.32257843017578,75.62590026855469,2.9241561889648438,54.90718078613281,25.464439392089844,0.6780624389648438,22.57704734802246,17.70176887512207,3.996610641479492,80.86104583740234,31.664705276489258,31.244277954101562,16.57552719116211,5.707216262817383,38.20271301269531,97.0,0.09423828125,0.01800537109375,0.630859375,0.0,0.0,0.0094146728515625,0.0,0.0,0.0,0.0,0.0264739990234375,0.0,0.0,0.16796875,0.0,0.0,0.0,0.0,0.0004520416259765625,0.0526123046875,KITTI/data_semantics/training/image_2/000165_10.png,Karlsruhe,kitti,281.0,50.78125,6.109375,19.5,10.8125,0.1710205078125,0.257904589176178,0.3791893422603607,1.0,0.0,0.674951434135437,-0.6842923760414124,1.0048828125,-1.841796875,False,False,False,False,False,False,False,False,False,False,False,False,False,False,False,False,False,False,False,False,False,False,False,False,False,False,False,False,False,False,validation_97,0,validation,0,unlabeled,6a6b7dddff0fe74e679d0d73,2026-08-12T18:19:16.152850,True
,0.1358110010623932,0.2941131591796875,0.04179910570383072,0.0,0.0,0.0,0.0028616474010050297,0.0,0.0030901418067514896,0.6605749130249023,0.4214382469654083,0.20258766412734985,0.0,0.0,0.041878946125507355,0.0,0.0,0.0,0.0,0.0,73.03819274902344,64.1622085571289,82.23433685302734,87.24417877197266,90.60325622558594,63.45052719116211,6.375312805175781,28.19228172302246,77.67291259765625,37.76927185058594,12.923622131347656,32.243492126464844,1.088714599609375,33.29777526855469,1.8802642822265625,3.64532470703125,1.1430740356445312,0.022983551025390625,10.94365119934082,41.0,0.21484375,0.026824951171875,0.0,0.0,0.0,0.00183868408203125,0.0,0.0008711814880371094,0.51318359375,0.1827392578125,0.0262451171875,0.0,0.0,0.01397705078125,0.0,0.0,0.0,0.0,0.0,0.0195465087890625,KITTI/data_semantics/training/image_2/000157_10.png,Karlsruhe,kitti,281.0,50.78125,6.109375,19.5,10.8125,0.1710205078125,0.34439700841903687,0.36089739203453064,1.0,0.0,0.8875212669372559,-0.7297160625457764,1.0048828125,-1.841796875,False,False,False,False,False,False,False,False,False,False,False,False,False,False,False,False,False,False,False,False,False,False,False,False,False,False,False,False,False,False,validation_41,0,validation,0,unlabeled,6a6b7dddff0fe74e679d0d73,2026-08-12T18:19:59.137396,True
,0.10570884495973587,0.20658239722251892,0.0,0.0,0.0,0.0,0.0003945595817640424,0.0,0.0,0.6757030487060547,0.25836360454559326,0.4351315498352051,0.0,0.0,0.026913931593298912,0.0,0.0,0.0,0.0,0.0,67.84481811523438,48.440887451171875,90.67740631103516,88.21968841552734,98.0154037475586,82.54261016845703,2.7082443237304688,52.91900634765625,86.25039672851562,11.316680908203125,6.33387565612793,63.234806060791016,2.6207923889160156,51.11918640136719,0.313568115234375,0.35114288330078125,0.21691322326660156,0.10962486267089844,21.355724334716797,57.0,0.1402587890625,0.0,0.0,0.0,0.0,0.0003256797790527344,0.0,0.0,0.5830078125,0.2347412109375,0.0277252197265625,0.0,0.0,0.01375579833984375,0.0,0.0,0.0,0.0,0.0,0.000385284423828125,KITTI/data_semantics/training/image_2/000067_10.png,Karlsruhe,kitti,281.0,50.78125,6.109375,19.5,10.8125,0.1710205078125,0.34877705574035645,0.34830138087272644,1.0,0.0,0.9003778696060181,-0.7622784972190857,1.0048828125,-1.841796875,False,False,False,False,False,False,False,False,False,False,False,False,False,False,False,False,False,False,False,False,False,False,False,False,False,False,False,False,False,False,validation_57,0,validation,0,unlabeled,6a6b7dddff0fe74e679d0d73,2026-08-12T18:19:16.152850,True
,0.14044801890850067,0.525404691696167,0.033659808337688446,0.33289673924446106,0.01364994142204523,0.043451905250549316,0.005125243682414293,0.0,0.007121639791876078,0.43223491311073303,0.0,0.22140194475650787,0.0031174663454294205,0.0,0.2455279678106308,0.0,0.00015004511806182563,0.0,0.0,0.0,47.40299987792969,48.98719787597656,63.2023811340332,72.48654174804688,87.71052551269531,68.69850158691406,7.983541488647461,47.29108810424805,57.423065185546875,8.284807205200195,14.356279373168945,35.28709411621094,2.8792381286621094,74.67584228515625,6.786584854125977,23.508262634277344,10.67967414855957,2.3254871368408203,29.048442840576172,75.0,0.2491455078125,0.0167388916015625,0.21044921875,0.00989532470703125,0.038116455078125,0.003520965576171875,0.0,0.003368377685546875,0.250732421875,0.0,0.031890869140625,0.0011005401611328125,0.0,0.183349609375,9.679794311523438e-05,0.00012159347534179688,0.0,0.0,0.0,0.001560211181640625,KITTI/data_semantics/training/image_2/000000_10.png,Karlsruhe,kitti,281.0,50.78125,6.109375,19.5,10.8125,0.1710205078125,0.33674657344818115,0.4032382071018219,1.0,0.0,0.8808543086051941,-0.6228405237197876,1.0048828125,-1.841796875,False,False,False,False,False,False,False,False,False,False,False,False,False,False,False,False,False,False,False,False,False,False,False,False,False,False,False,False,False,False,validation_75,0,validation,0,unlabeled,6a6b7dddff0fe74e679d0d73,2026-08-12T18:19:59.137396,True
,0.12520675361156464,0.46060073375701904,0.22223101556301117,0.4146847724914551,0.0,0.0,0.043049708008766174,0.0,0.03858443349599838,0.32194069027900696,0.09839408844709396,0.0,0.0,0.26986566185951233,0.06197473406791687,0.19235917925834656,0.0,0.0,0.09735458344221115,0.027056317776441574,47.685909271240234,52.10270690917969,60.35237121582031,93.5964584350586,88.57273864746094,87.93840026855469,15.447759628295898,62.44621276855469,69.42591857910156,9.819459915161133,5.564975738525391,48.85735321044922,3.5149097442626953,35.14242172241211,7.9898834228515625,25.849533081054688,4.773378372192383,1.1206626892089844,28.291606903076172,79.0,0.2213134765625,0.119384765625,0.252685546875,0.0,0.0,0.037872314453125,0.0,0.024169921875,0.2235107421875,0.040740966796875,0.0,0.0,0.01019287109375,0.02197265625,0.024566650390625,0.0,0.0,0.0015316009521484375,0.007656097412109375,0.01447296142578125,KITTI/data_semantics/training/image_2/000003_10.png,Karlsruhe,kitti,281.0,50.78125,6.109375,19.5,10.8125,0.1710205078125,0.31456229090690613,0.3866908550262451,1.0,0.0,0.8173365592956543,-0.6646066308021545,1.0048828125,-1.841796875,False,False,False,False,False,False,False,False,False,False,False,False,False,False,False,False,False,False,False,False,False,False,False,False,False,False,False,False,False,False,validation_79,0,validation,0,unlabeled,6a6b7dddff0fe74e679d0d73,2026-08-12T18:19:51.364203,True
,0.12479067593812943,0.2483043521642685,0.0,0.4592358469963074,0.0,0.0007444447255693376,0.0,0.0,0.0,0.17962735891342163,0.017641915008425713,0.09337107092142105,0.0,0.0,0.43966996669769287,0.0,0.0,0.0,0.0,0.00201836577616632,52.01869201660156,51.06044006347656,74.2127914428711,63.31019592285156,90.05813598632812,62.314605712890625,4.946756362915039,50.373077392578125,54.496097564697266,20.70760726928711,14.82534408569336,39.29166793823242,1.3091087341308594,75.21286010742188,13.766956329345703,25.87447166442871,1.4798164367675781,3.010416030883789,36.87772750854492,58.0,0.1292724609375,0.0,0.3408203125,0.0,0.0006704330444335938,0.0,0.0,0.0,0.097900390625,0.004329681396484375,0.0138397216796875,0.0,0.0,0.330810546875,0.00021457672119140625,0.0,0.0,0.0,0.0007519721984863281,0.0814208984375,KITTI/data_semantics/training/image_2/000004_10.png,Karlsruhe,kitti,281.0,50.78125,6.109375,19.5,10.8125,0.1710205078125,0.30956050753593445,0.37869128584861755,1.0,0.0,0.8032853007316589,-0.6853249669075012,1.0048828125,-1.841796875,False,False,False,False,False,False,False,False,False,False,False,False,False,False,False,False,False,False,False,False,False,False,False,False,False,False,False,False,False,False,validation_58,0,validation,0,unlabeled,6a6b7dddff0fe74e679d0d73,2026-08-12T18:19:16.152850,True
,0.1389225870370865,0.30921947956085205,0.30434709787368774,0.07480169832706451,0.09107708185911179,0.023613234981894493,0.023063628003001213,0.004141418728977442,0.002137738047167659,0.5409048795700073,0.029653189703822136,0.3004721701145172,0.0,0.0,0.0655859112739563,0.12126516550779343,0.0,0.0,0.0,0.0,51.239871978759766,48.90923309326172,74.70999145507812,76.16848754882812,83.51683807373047,65.71025848388672,8.750534057617188,26.964712142944336,62.24083709716797,24.76334571838379,31.73985481262207,26.08027458190918,2.3007869720458984,27.29315757751465,23.423194885253906,30.85932731628418,11.840677261352539,0.1437664031982422,9.37047004699707,98.0,0.1593017578125,0.149169921875,0.055938720703125,0.0697021484375,0.0213470458984375,0.01520538330078125,0.000362396240234375,0.0017223358154296875,0.336669921875,0.01494598388671875,0.09552001953125,0.0,0.0,0.0178985595703125,0.0284423828125,0.0,0.0,0.0,0.0,0.033782958984375,KITTI/data_semantics/training/image_2/000082_10.png,Karlsruhe,kitti,281.0,50.78125,6.109375,19.5,10.8125,0.1710205078125,0.3191666901111603,0.35465288162231445,1.0,0.0,0.8365007638931274,-0.7474610209465027,1.0048828125,-1.841796875,False,False,False,False,False,False,False,False,False,False,False,False,False,False,False,False,False,False,False,False,False,False,False,False,False,False,False,False,False,False,validation_98,0,validation,0,unlabeled,6a6b7dddff0fe74e679d0d73,2026-08-12T18:19:16.152850,True
,0.1364240050315857,0.2793986201286316,0.013569126836955547,0.001094502629712224,0.0,0.10268348455429077,0.006141361314803362,0.0,0.000619440630543977,0.4678787589073181,0.5251747369766235,0.3739107549190521,0.0012115569552406669,0.0,0.21552732586860657,0.0,0.0,0.0,0.0,0.0,56.970882415771484,44.291542053222656,61.472415924072266,79.79698181152344,89.8680191040039,62.93010711669922,7.788896560668945,43.877838134765625,70.3196029663086,31.137466430664062,23.035430908203125,38.922264099121094,4.019260406494141,57.14435577392578,5.399417877197266,4.77137565612793,7.178258895874023,1.5737056732177734,16.864490509033203,48.0,0.159423828125,0.00605010986328125,0.0006728172302246094,0.0,0.09228515625,0.003864288330078125,0.0,0.00027179718017578125,0.3291015625,0.164794921875,0.086669921875,0.0004935264587402344,0.0,0.12322998046875,0.0,0.0,0.0,0.0,0.0,0.03326416015625,KITTI/data_semantics/training/image_2/000020_10.png,Karlsruhe,kitti,281.0,50.78125,6.109375,19.5,10.8125,0.1710205078125,0.29712846875190735,0.382697194814682,1.0,0.0,0.7729841470718384,-0.6741971969604492,1.0048828125,-1.841796875,False,False,False,False,False,False,False,False,False,False,False,False,False,False,False,False,False,False,False,False,False,False,False,False,False,False,False,False,False,False,validation_48,0,validation,0,unlabeled,6a6b7dddff0fe74e679d0d73,2026-08-12T18:19:51.364203,True
,0.13736215233802795,0.37938302755355835,0.007478213869035244,0.008647372014820576,0.0,0.0,0.02983895316720009,0.0,0.0,0.5383906364440918,0.2494194060564041,0.48684173822402954,0.0,0.0,0.10640723258256912,0.0,0.0,0.0,0.0,0.0,62.160491943359375,64.87893676757812,56.49261474609375,73.60696411132812,87.71095275878906,54.553749084472656,5.427646636962891,26.882505416870117,72.56898498535156,50.7659912109375,28.211641311645508,38.7425422668457,4.586362838745117,23.006725311279297,5.638027191162109,9.142780303955078,5.188608169555664,0.1934528350830078,15.173149108886719,59.0,0.23583984375,0.004856109619140625,0.004894256591796875,0.0,0.0,0.0162811279296875,0.0,0.0,0.390625,0.126708984375,0.1373291015625,0.0,0.0,0.02447509765625,0.0012569427490234375,0.0,0.0,0.0,0.0,0.057586669921875,KITTI/data_semantics/training/image_2/000106_10.png,Karlsruhe,kitti,281.0,50.78125,6.109375,19.5,10.8125,0.1710205078125,0.3171217441558838,0.3632015883922577,1.0,0.0,0.8287205100059509,-0.7250614166259766,1.0048828125,-1.841796875,False,False,False,False,False,False,False,False,False,False,False,False,False,False,False,False,False,False,False,False,False,False,False,False,False,False,False,False,False,False,validation_59,0,validation,0,unlabeled,6a6b7dddff0fe74e679d0d73,2026-08-12T18:19:59.137396,True
,0.14156627655029297,0.5875813364982605,0.04730892926454544,0.010303637012839317,0.004625988192856312,0.00500514917075634,0.022268623113632202,0.047347892075777054,0.008411002345383167,0.5098833441734314,0.14403976500034332,0.42870596051216125,0.008708169683814049,0.0,0.14250478148460388,0.007611425127834082,0.1536676436662674,0.0,0.0,0.0,65.23213195800781,61.824989318847656,74.24464416503906,63.475372314453125,59.31468200683594,66.20454406738281,13.691091537475586,44.60420608520508,53.00354766845703,26.002025604248047,33.21318817138672,41.67041778564453,2.652263641357422,16.316652297973633,15.191936492919922,24.595022201538086,9.777975082397461,0.4974365234375,11.668109893798828,94.0,0.3837890625,0.029571533203125,0.007648468017578125,0.00293731689453125,0.00296783447265625,0.014739990234375,0.0064849853515625,0.00399017333984375,0.2705078125,0.038299560546875,0.142333984375,0.003627777099609375,0.0,0.02325439453125,0.0011577606201171875,0.03778076171875,0.0,0.0,0.0,0.030792236328125,KITTI/data_semantics/training/image_2/000016_10.png,Karlsruhe,kitti,281.0,50.78125,6.109375,19.5,10.8125,0.1710205078125,0.2624342441558838,0.4104972183704376,1.0,0.0,0.6972012519836426,-0.6040254235267639,1.0048828125,-1.841796875,False,False,False,False,False,False,False,False,False,False,False,False,False,False,False,False,False,False,False,False,False,False,False,False,False,False,False,False,False,False,validation_94,0,validation,0,unlabeled,6a6b7dddff0fe74e679d0d73,2026-08-12T18:19:59.137396,True
,0.1386374682188034,0.22659073770046234,0.07978549599647522,0.0,0.0,0.0,0.01184338703751564,0.0,0.08110422641038895,0.5351394414901733,0.42226642370224,0.5445619225502014,0.0,0.0,0.22124767303466797,0.0,0.0,0.0,0.0,0.0,62.81270980834961,46.005821228027344,80.98716735839844,80.48648834228516,67.75779724121094,72.16139221191406,11.9781494140625,40.0029182434082,77.94122314453125,42.60673522949219,10.751914978027344,25.95953941345215,2.823638916015625,52.49509811401367,12.749290466308594,12.276554107666016,0.7341384887695312,0.7921218872070312,14.576578140258789,63.0,0.146240234375,0.036712646484375,0.0,0.0,0.0,0.008544921875,0.0,0.033447265625,0.4169921875,0.1827392578125,0.058563232421875,0.0,0.0,0.11614990234375,0.0,0.0,0.0,0.0,0.0,0.0005831718444824219,KITTI/data_semantics/training/image_2/000163_10.png,Karlsruhe,kitti,281.0,50.78125,6.109375,19.5,10.8125,0.1710205078125,0.3351578414440155,0.33867958188056946,1.0,0.0,0.860775887966156,-0.7870004177093506,1.0048828125,-1.841796875,False,False,False,False,False,False,False,False,False,False,False,False,False,False,False,False,False,False,False,False,False,False,False,False,False,False,False,False,False,False,validation_63,0,validation,0,unlabeled,6a6b7dddff0fe74e679d0d73,2026-08-12T18:19:16.152850,True
,0.13354897499084473,0.5495649576187134,0.0,0.0,0.0522618368268013,0.045648105442523956,0.0,0.0,0.0019284796435385942,0.7182179093360901,0.0,0.2782231867313385,0.0,0.0,0.033938661217689514,0.0,0.0,0.0,0.0,0.0,58.443878173828125,64.81504821777344,80.60798645019531,89.0799560546875,89.2020263671875,45.787193298339844,0.9416580200195312,24.033737182617188,59.096336364746094,26.996755599975586,17.12636947631836,25.78115463256836,2.483987808227539,29.11996841430664,7.987356185913086,18.358421325683594,6.992387771606445,0.5896568298339844,19.704675674438477,84.0,0.3212890625,0.0,0.0,0.04656982421875,0.04071044921875,0.0,0.0,0.0004634857177734375,0.424560546875,0.0,0.047698974609375,0.0,0.0,0.00988006591796875,0.0,0.0,0.0,0.0,0.0,0.10888671875,KITTI/data_semantics/training/image_2/000191_10.png,Karlsruhe,kitti,281.0,50.78125,6.109375,19.5,10.8125,0.1710205078125,0.32174447178840637,0.38825270533561707,1.0,0.0,0.8352201581001282,-0.6602734923362732,1.0048828125,-1.841796875,False,False,False,False,False,False,False,False,False,False,False,False,False,False,False,False,False,False,False,False,False,False,False,False,False,False,False,False,False,False,validation_84,0,validation,0,unlabeled,6a6b7dddff0fe74e679d0d73,2026-08-12T18:20:29.385031,True
,0.12707141041755676,0.27040165662765503,0.0,0.0,0.0,0.0,0.008820337243378162,0.0,0.005293041002005339,0.8850628137588501,0.2306157499551773,0.0936930850148201,0.0,0.0,0.026186324656009674,0.0,0.0,0.0,0.0,0.0,59.014320373535156,45.48621368408203,85.382080078125,92.482421875,98.1170654296875,81.40521240234375,3.1786441802978516,51.80034637451172,83.45813751220703,12.999534606933594,3.8415908813476562,65.27442932128906,4.466342926025391,41.86157989501953,0.6172657012939453,1.1121273040771484,0.032806396484375,0.12526512145996094,21.703195571899414,52.0,0.1602783203125,0.0,0.0,0.0,0.0,0.00717926025390625,0.0,0.002742767333984375,0.73876953125,0.0697021484375,0.00768280029296875,0.0,0.0,0.01096343994140625,0.0,0.0,0.0,0.0,0.0,0.002712249755859375,KITTI/data_semantics/training/image_2/000064_10.png,Karlsruhe,kitti,281.0,50.78125,6.109375,19.5,10.8125,0.1710205078125,0.30860933661460876,0.31689655780792236,1.0,0.0,0.7981840372085571,-0.8432531952857971,1.0048828125,-1.841796875,False,False,False,False,False,False,False,False,False,False,False,False,False,False,False,False,False,False,False,False,False,False,False,False,False,False,False,False,False,False,validation_52,0,validation,0,unlabeled,6a6b7dddff0fe74e679d0d73,2026-08-12T18:20:06.549320,True
,0.14031048119068146,0.23297037184238434,0.1537565290927887,0.26001930236816406,0.023467859253287315,0.0,0.01508212462067604,0.003655585926026106,0.02391282469034195,0.38038143515586853,0.32220983505249023,0.3885650634765625,0.0,0.0,0.1724298596382141,0.0,0.0,0.0,0.0,0.0,61.843204498291016,45.53923797607422,68.40142822265625,75.3804702758789,77.28509521484375,65.65255737304688,12.691736221313477,56.15086364746094,69.3367919921875,39.72454071044922,18.340492248535156,27.72688865661621,1.5762805938720703,49.72157287597656,13.034486770629883,5.286550521850586,2.3114681243896484,0.41680335998535156,9.773969650268555,86.0,0.14404296875,0.07012939453125,0.1778564453125,0.0176849365234375,0.0,0.00994873046875,0.00046539306640625,0.013427734375,0.2646484375,0.12890625,0.0712890625,0.0,0.0,0.08575439453125,0.0,0.0,0.0,0.0,0.0,0.0159149169921875,KITTI/data_semantics/training/image_2/000122_10.png,Karlsruhe,kitti,281.0,50.78125,6.109375,19.5,10.8125,0.1710205078125,0.28588560223579407,0.35901954770088196,1.0,0.0,0.746795654296875,-0.7357065081596375,1.0048828125,-1.841796875,False,False,False,False,False,False,False,False,False,False,False,False,False,False,False,False,False,False,False,False,False,False,False,False,False,False,False,False,False,False,validation_86,0,validation,0,unlabeled,6a6b7dddff0fe74e679d0d73,2026-08-12T18:19:16.152850,True
,0.14250752329826355,0.5075129866600037,0.01493441965430975,0.03281145542860031,0.0,0.005197463091462851,0.04460205137729645,0.0468309111893177,0.04877624288201332,0.44929835200309753,0.14539706707000732,0.543933093547821,0.00870483461767435,0.0,0.34934598207473755,0.00905743706971407,0.0,0.0,0.0,0.04224400594830513,61.29121780395508,60.41874694824219,72.00193786621094,63.251686096191406,63.65213394165039,68.03345489501953,16.96643829345703,44.37723159790039,59.69676971435547,35.15705871582031,26.625871658325195,43.766448974609375,3.0054569244384766,27.935504913330078,11.996841430664062,9.87081527709961,3.75823974609375,0.8934497833251953,15.24515151977539,91.0,0.311279296875,0.00902557373046875,0.02362060546875,0.0,0.003307342529296875,0.0303497314453125,0.00794219970703125,0.0216522216796875,0.268310546875,0.052520751953125,0.1463623046875,0.00460052490234375,0.0,0.09918212890625,0.00247955322265625,0.0004978179931640625,0.0,0.0,0.006439208984375,0.01258087158203125,KITTI/data_semantics/training/image_2/000013_10.png,Karlsruhe,kitti,281.0,50.78125,6.109375,19.5,10.8125,0.1710205078125,0.2819485366344452,0.38328278064727783,1.0,0.0,0.7464435696601868,-0.6740055084228516,1.0048828125,-1.841796875,False,False,False,False,False,False,False,False,False,False,False,False,False,False,False,False,False,False,False,False,False,False,False,False,False,False,False,False,False,False,validation_91,0,validation,0,unlabeled,6a6b7dddff0fe74e679d0d73,2026-08-12T18:20:13.940653,True
,0.1296992003917694,0.39837920665740967,0.24478065967559814,0.37972667813301086,0.04635066166520119,0.0,0.0349762961268425,0.0012857421534135938,0.001540826982818544,0.3398846983909607,0.053950682282447815,0.0866922065615654,0.0,0.0,0.09982219338417053,0.0,0.0,0.0,0.0,0.0033379464875906706,46.678924560546875,55.41877746582031,64.72144317626953,82.26995849609375,91.93153381347656,70.43595123291016,11.014652252197266,43.696929931640625,71.56401062011719,18.065786361694336,12.086772918701172,32.253692626953125,0.4078388214111328,64.88766479492188,8.755064010620117,35.315086364746094,9.612560272216797,0.1865386962890625,21.132516860961914,74.0,0.18798828125,0.139892578125,0.245849609375,0.03814697265625,0.0,0.0246734619140625,0.00014209747314453125,0.0006732940673828125,0.2432861328125,0.01117706298828125,0.0104827880859375,0.0,0.0,0.06488037109375,0.0,0.0,0.0,0.0,0.002666473388671875,0.0301513671875,KITTI/data_semantics/training/image_2/000173_10.png,Karlsruhe,kitti,281.0,50.78125,6.109375,19.5,10.8125,0.1710205078125,0.34632641077041626,0.3681260645389557,1.0,0.0,0.9003918170928955,-0.7123541831970215,1.0048828125,-1.841796875,False,False,False,False,False,False,False,False,False,False,False,False,False,False,False,False,False,False,False,False,False,False,False,False,False,False,False,False,False,False,validation_74,0,validation,0,unlabeled,6a6b7dddff0fe74e679d0d73,2026-08-12T18:19:51.364203,True
,0.11291161179542542,0.1784854680299759,0.0,0.0,0.0,0.0,0.005996810272336006,0.0,0.0,0.5296138525009155,0.32277071475982666,0.46627160906791687,0.0,0.007529599592089653,0.03733865171670914,0.002783127361908555,0.0,0.0,0.0,0.0005107592442072928,92.90475463867188,32.232521057128906,83.85310363769531,85.542724609375,84.74583435058594,77.0804443359375,1.72882080078125,44.31147766113281,83.3365478515625,27.3190975189209,11.240530014038086,29.839611053466797,3.578519821166992,38.38205337524414,4.051303863525391,1.7894744873046875,0.9044170379638672,0.5718708038330078,8.585071563720703,82.0,0.166015625,0.0,0.0,0.0,0.0,0.004638671875,0.0,2.574920654296875e-05,0.44140625,0.320068359375,0.05242919921875,0.0,0.0003285408020019531,0.0143280029296875,0.00020551681518554688,0.0,0.0,0.0,8.296966552734375e-05,0.0005421638488769531,KITTI/data_semantics/training/image_2/000055_10.png,Karlsruhe,kitti,281.0,50.78125,6.109375,19.5,10.8125,0.1710205078125,0.29907286167144775,0.3423433005809784,1.0,0.0,0.7703183889389038,-0.7777862548828125,1.0048828125,-1.841796875,False,False,False,False,False,False,False,False,False,False,False,False,False,False,False,False,False,False,False,False,False,False,False,False,False,False,False,False,False,False,validation_82,0,validation,0,unlabeled,6a6b7dddff0fe74e679d0d73,2026-08-12T18:20:06.549320,True
,0.1400335282087326,0.2926984131336212,0.003976284060627222,0.031346097588539124,0.0,0.11219996958971024,0.0049229939468204975,0.0,0.004515384323894978,0.42281457781791687,0.3836976885795593,0.5134010314941406,0.0,0.0,0.19217465817928314,0.0,0.0,0.0,0.0,0.0,53.19547653198242,60.58373260498047,59.66835021972656,82.12027740478516,84.63139343261719,61.466835021972656,8.08420181274414,28.428268432617188,77.70018768310547,49.673126220703125,18.943071365356445,32.81226348876953,3.2066822052001953,49.380157470703125,3.394031524658203,4.757404327392578,12.221813201904297,1.665496826171875,13.221597671508789,87.0,0.1558837890625,0.0024089813232421875,0.0188751220703125,0.0,0.094970703125,0.003025054931640625,0.0,0.0012836456298828125,0.32861328125,0.191162109375,0.09735107421875,0.0,0.0,0.09490966796875,0.0003266334533691406,0.0,0.0,0.0,0.0,0.01123046875,KITTI/data_semantics/training/image_2/000018_10.png,Karlsruhe,kitti,281.0,50.78125,6.109375,19.5,10.8125,0.1710205078125,0.3039547801017761,0.35573434829711914,1.0,0.0,0.7922182679176331,-0.7438247203826904,1.0048828125,-1.841796875,False,False,False,False,False,False,False,False,False,False,False,False,False,False,False,False,False,False,False,False,False,False,False,False,False,False,False,False,False,False,validation_87,0,validation,0,unlabeled,6a6b7dddff0fe74e679d0d73,2026-08-12T18:20:13.940653,True
,0.12313874810934067,0.21081337332725525,0.056027933955192566,0.0,0.0,0.001129516283981502,0.010706265456974506,0.0,0.10201941430568695,0.471608430147171,0.417520135641098,0.44752949476242065,0.0,0.0,0.14021365344524384,0.0,0.0,0.0,0.0,0.0,74.61882019042969,44.05140686035156,81.92558288574219,75.32911682128906,68.47443389892578,75.33064270019531,11.064910888671875,45.42551040649414,80.22146606445312,33.430335998535156,13.732481002807617,36.093902587890625,2.031707763671875,62.710906982421875,12.407350540161133,3.4638404846191406,1.1158943176269531,1.8229961395263672,13.137006759643555,71.0,0.15771484375,0.0247344970703125,0.0,0.0,0.0007734298706054688,0.00812530517578125,0.0,0.12255859375,0.37841796875,0.15771484375,0.06146240234375,0.00014066696166992188,0.0,0.08795166015625,0.0,0.0,0.0,0.0,0.0,0.0005006790161132812,KITTI/data_semantics/training/image_2/000164_10.png,Karlsruhe,kitti,281.0,50.78125,6.109375,19.5,10.8125,0.1710205078125,0.3196639120578766,0.37023743987083435,1.0,0.0,0.820921003818512,-0.7058532238006592,1.0048828125,-1.841796875,False,False,False,False,False,False,False,False,False,False,False,False,False,False,False,False,False,False,False,False,False,False,False,False,False,False,False,False,False,False,validation_71,0,validation,0,unlabeled,6a6b7dddff0fe74e679d0d73,2026-08-12T18:19:51.364203,True
,0.12628348171710968,0.1999465525150299,0.0,0.28997930884361267,0.0,0.01989993080496788,9.759446402313188e-05,1.3657004274136852e-05,0.0,0.3807975649833679,0.0,0.015559643507003784,0.0,0.0,0.5401324033737183,0.0,0.0,0.0,0.0,0.0,59.73591613769531,52.74162292480469,77.24885559082031,84.87796783447266,93.77555847167969,56.676483154296875,6.964588165283203,53.51109313964844,57.98191833496094,11.746978759765625,15.384531021118164,30.3713321685791,2.0523548126220703,60.8428955078125,16.76015853881836,14.00594711303711,2.1756649017333984,1.7720222473144531,29.003000259399414,60.0,0.119873046875,0.0,0.2239990234375,0.0,0.0186767578125,5.53131103515625e-05,0.00018548965454101562,0.0,0.22314453125,0.0,0.0027942657470703125,0.0,0.0004782676696777344,0.345703125,0.0,0.0,0.0,0.0,0.00010776519775390625,0.0650634765625,KITTI/data_semantics/training/image_2/000153_10.png,Karlsruhe,kitti,281.0,50.78125,6.109375,19.5,10.8125,0.1710205078125,0.30970439314842224,0.3742603361606598,1.0,0.0,0.8121823668479919,-0.6969945430755615,1.0048828125,-1.841796875,False,False,False,False,False,False,False,False,False,False,False,False,False,False,False,False,False,False,False,False,False,False,False,False,False,False,False,False,False,False,validation_60,0,validation,0,unlabeled,6a6b7dddff0fe74e679d0d73,2026-08-12T18:19:59.137396,True
,0.1231917068362236,0.18068023025989532,0.0,0.0,0.0,0.0,0.00020442450477275997,0.0,0.0,0.8272687792778015,0.5127003192901611,0.42091938853263855,0.0,0.0,0.01863475702702999,0.0,0.0,0.0,0.0,0.0,74.57823944091797,33.59689712524414,90.87958526611328,94.03438568115234,99.16439056396484,81.17366027832031,3.5704612731933594,59.51819610595703,87.34683990478516,9.501791000366211,4.727840423583984,54.030418395996094,2.2682666778564453,66.2282485961914,4.190778732299805,1.3203144073486328,0.4002094268798828,0.49262046813964844,7.541036605834961,51.0,0.134765625,0.0,0.0,0.0,0.0,0.00016832351684570312,0.0,0.0,0.72314453125,0.10687255859375,0.0228424072265625,0.0,0.0,0.0123443603515625,0.0,0.0,0.0,0.0,0.0,0.0,KITTI/data_semantics/training/image_2/000061_10.png,Karlsruhe,kitti,281.0,50.78125,6.109375,19.5,10.8125,0.1710205078125,0.32454875111579895,0.4021865129470825,1.0,0.0,0.8295972943305969,-0.6226720809936523,1.0048828125,-1.841796875,False,False,False,False,False,False,False,False,False,False,False,False,False,False,False,False,False,False,False,False,False,False,False,False,False,False,False,False,False,False,validation_51,0,validation,0,unlabeled,6a6b7dddff0fe74e679d0d73,2026-08-12T18:20:06.549320,True
,0.1409350335597992,0.44663459062576294,0.1554022878408432,0.49435654282569885,0.0,0.0,0.0299945417791605,0.10888569802045822,0.01106682512909174,0.30676427483558655,0.08437451720237732,0.01037823036313057,0.0,0.3133394420146942,0.16983504593372345,0.012379623018205166,0.0,0.0,0.0,0.10317409038543701,51.97100830078125,62.502098083496094,70.63536834716797,82.24411010742188,94.38114166259766,67.01274108886719,9.343290328979492,53.333045959472656,52.8721809387207,10.032463073730469,17.238903045654297,38.37065887451172,6.650352478027344,16.10589027404785,3.1479358673095703,6.199455261230469,10.936212539672852,2.2058963775634766,33.8343620300293,92.0,0.2353515625,0.09722900390625,0.349609375,0.0,0.0,0.020111083984375,0.01235198974609375,0.0059051513671875,0.162353515625,0.0101318359375,0.001789093017578125,0.0,0.02105712890625,0.02752685546875,0.002056121826171875,0.0,0.0,0.0,0.034912109375,0.0194244384765625,KITTI/data_semantics/training/image_2/000002_10.png,Karlsruhe,kitti,281.0,50.78125,6.109375,19.5,10.8125,0.1710205078125,0.22865620255470276,0.32910269498825073,1.0,0.0,0.6136422157287598,-0.813692033290863,1.0048828125,-1.841796875,False,False,False,False,False,False,False,False,False,False,False,False,False,False,False,False,False,False,False,False,False,False,False,False,False,False,False,False,False,False,validation_92,0,validation,0,unlabeled,6a6b7dddff0fe74e679d0d73,2026-08-12T18:20:29.385031,True
,,,,,,,,,,,,,,,,,,,,,,,,,,,,,,,,,,,,,,,,157.0,-1.0,-1.0,-1.0,-1.0,-1.0,-1.0,-1.0,-1.0,-1.0,-1.0,-1.0,-1.0,-1.0,-1.0,-1.0,-1.0,-1.0,-1.0,-1.0,-1.0,2011_09_26_drive_0013_0000000043.png,Karlsruhe,kitti,281.0,50.78125,6.109375,19.5,10.8125,0.1710205078125,0.2863042950630188,0.41421201825141907,1.0,0.0,0.7455354332923889,-0.5930884480476379,1.0048828125,-1.841796875,False,True,True,True,True,True,True,True,True,True,True,True,True,True,True,True,True,True,True,True,True,False,False,False,False,False,False,False,False,False,unlabeled_157,0,unlabeled,0,unlabeled,6a6b7dddff0fe74e679d0d73,2026-08-12T18:20:06.549320,False
,,,,,,,,,,,,,,,,,,,,,,,,,,,,,,,,,,,,,,,,116.0,-1.0,-1.0,-1.0,-1.0,-1.0,-1.0,-1.0,-1.0,-1.0,-1.0,-1.0,-1.0,-1.0,-1.0,-1.0,-1.0,-1.0,-1.0,-1.0,-1.0,2011_09_26_drive_0005_0000000020.png,Karlsruhe,kitti,281.0,50.78125,6.109375,19.5,10.8125,0.1710205078125,0.2572398781776428,0.37431880831718445,1.0,0.0,0.6806836128234863,-0.6971905827522278,1.0048828125,-1.841796875,False,True,True,True,True,True,True,True,True,True,True,True,True,True,True,True,True,True,True,True,True,False,False,False,False,False,False,False,False,False,unlabeled_116,0,unlabeled,0,unlabeled,6a6b7dddff0fe74e679d0d73,2026-08-12T18:20:06.549320,False
,,,,,,,,,,,,,,,,,,,,,,,,,,,,,,,,,,,,,,,,154.0,-1.0,-1.0,-1.0,-1.0,-1.0,-1.0,-1.0,-1.0,-1.0,-1.0,-1.0,-1.0,-1.0,-1.0,-1.0,-1.0,-1.0,-1.0,-1.0,-1.0,2011_09_26_drive_0013_0000000013.png,Karlsruhe,kitti,281.0,50.78125,6.109375,19.5,10.8125,0.1710205078125,0.3150046467781067,0.369844526052475,1.0,0.0,0.8216291666030884,-0.7075992226600647,1.0048828125,-1.841796875,False,True,True,True,True,True,True,True,True,True,True,True,True,True,True,True,True,True,True,True,True,False,False,False,False,False,False,False,False,False,unlabeled_154,0,unlabeled,0,unlabeled,6a6b7dddff0fe74e679d0d73,2026-08-12T18:19:16.152850,False
,,,,,,,,,,,,,,,,,,,,,,,,,,,,,,,,,,,,,,,,143.0,-1.0,-1.0,-1.0,-1.0,-1.0,-1.0,-1.0,-1.0,-1.0,-1.0,-1.0,-1.0,-1.0,-1.0,-1.0,-1.0,-1.0,-1.0,-1.0,-1.0,2011_09_26_drive_0011_0000000136.png,Karlsruhe,kitti,281.0,50.78125,6.109375,19.5,10.8125,0.1710205078125,0.27146467566490173,0.4075130224227905,1.0,0.0,0.7196564674377441,-0.6116737723350525,1.0048828125,-1.841796875,False,True,True,True,True,True,True,True,True,True,True,True,True,True,True,True,True,True,True,True,True,False,False,False,False,False,False,False,False,False,unlabeled_143,0,unlabeled,0,unlabeled,6a6b7dddff0fe74e679d0d73,2026-08-12T18:20:29.385031,False
,,,,,,,,,,,,,,,,,,,,,,,,,,,,,,,,,,,,,,,,155.0,-1.0,-1.0,-1.0,-1.0,-1.0,-1.0,-1.0,-1.0,-1.0,-1.0,-1.0,-1.0,-1.0,-1.0,-1.0,-1.0,-1.0,-1.0,-1.0,-1.0,2011_09_26_drive_0013_0000000023.png,Karlsruhe,kitti,281.0,50.78125,6.109375,19.5,10.8125,0.1710205078125,0.27960455417633057,0.34812307357788086,1.0,0.0,0.729904055595398,-0.7631919384002686,1.0048828125,-1.841796875,False,True,True,True,True,True,True,True,True,True,True,True,True,True,True,True,True,True,True,True,True,False,False,False,False,False,False,False,False,False,unlabeled_155,0,unlabeled,0,unlabeled,6a6b7dddff0fe74e679d0d73,2026-08-12T18:20:13.940653,False
,,,,,,,,,,,,,,,,,,,,,,,,,,,,,,,,,,,,,,,,144.0,-1.0,-1.0,-1.0,-1.0,-1.0,-1.0,-1.0,-1.0,-1.0,-1.0,-1.0,-1.0,-1.0,-1.0,-1.0,-1.0,-1.0,-1.0,-1.0,-1.0,2011_09_26_drive_0011_0000000146.png,Karlsruhe,kitti,281.0,50.78125,6.109375,19.5,10.8125,0.1710205078125,0.2672990560531616,0.41284680366516113,1.0,0.0,0.7095242738723755,-0.597994863986969,1.0048828125,-1.841796875,False,True,True,True,True,True,True,True,True,True,True,True,True,True,True,True,True,True,True,True,True,False,False,False,False,False,False,False,False,False,unlabeled_144,0,unlabeled,0,unlabeled,6a6b7dddff0fe74e679d0d73,2026-08-12T18:20:13.940653,False
,,,,,,,,,,,,,,,,,,,,,,,,,,,,,,,,,,,,,,,,167.0,-1.0,-1.0,-1.0,-1.0,-1.0,-1.0,-1.0,-1.0,-1.0,-1.0,-1.0,-1.0,-1.0,-1.0,-1.0,-1.0,-1.0,-1.0,-1.0,-1.0,2011_09_26_drive_0013_0000000143.png,Karlsruhe,kitti,281.0,50.78125,6.109375,19.5,10.8125,0.1710205078125,0.3464452624320984,0.49078211188316345,1.0,0.0,0.8983259201049805,-0.39636731147766113,1.0048828125,-1.841796875,False,True,True,True,True,True,True,True,True,True,True,True,True,True,True,True,True,True,True,True,True,False,False,False,False,False,False,False,False,False,unlabeled_167,0,unlabeled,0,unlabeled,6a6b7dddff0fe74e679d0d73,2026-08-12T18:20:29.385031,False
,,,,,,,,,,,,,,,,,,,,,,,,,,,,,,,,,,,,,,,,158.0,-1.0,-1.0,-1.0,-1.0,-1.0,-1.0,-1.0,-1.0,-1.0,-1.0,-1.0,-1.0,-1.0,-1.0,-1.0,-1.0,-1.0,-1.0,-1.0,-1.0,2011_09_26_drive_0013_0000000053.png,Karlsruhe,kitti,281.0,50.78125,6.109375,19.5,10.8125,0.1710205078125,0.2760191559791565,0.3679773807525635,1.0,0.0,0.7200102806091309,-0.7123603820800781,1.0048828125,-1.841796875,False,True,True,True,True,True,True,True,True,True,True,True,True,True,True,True,True,True,True,True,True,False,False,False,False,False,False,False,False,False,unlabeled_158,0,unlabeled,0,unlabeled,6a6b7dddff0fe74e679d0d73,2026-08-12T18:19:51.364203,False
,,,,,,,,,,,,,,,,,,,,,,,,,,,,,,,,,,,,,,,,31.0,0.4208984375,0.0,0.0014276504516601562,0.0,0.0,0.0080413818359375,0.0006413459777832031,0.0240325927734375,0.392822265625,0.0,0.0787353515625,2.86102294921875e-05,0.00018787384033203125,0.016326904296875,0.0,0.0,0.0,0.0,0.00042819976806640625,0.056396484375,munster_000170_000019_leftImg8bit.png,munster,cityscapes,281.0,50.78125,6.109375,19.5,10.8125,0.1710205078125,0.1959218829870224,0.28196659684181213,1.0,0.0,0.8719211220741272,-0.7377920746803284,2.640625,-2.1171875,False,False,False,False,False,False,False,False,False,False,False,False,False,False,False,False,False,False,False,False,False,False,False,False,False,False,False,False,False,False,unlabeled_31,0,unlabeled,0,unlabeled,6a6b7dddff0fe74e679d0d73,2026-08-12T18:20:06.549320,False
,,,,,,,,,,,,,,,,,,,,,,,,,,,,,,,,,,,,,,,,115.0,-1.0,-1.0,-1.0,-1.0,-1.0,-1.0,-1.0,-1.0,-1.0,-1.0,-1.0,-1.0,-1.0,-1.0,-1.0,-1.0,-1.0,-1.0,-1.0,-1.0,2011_09_26_drive_0005_0000000010.png,Karlsruhe,kitti,281.0,50.78125,6.109375,19.5,10.8125,0.1710205078125,0.22865620255470276,0.32910269498825073,1.0,0.0,0.6136422157287598,-0.813692033290863,1.0048828125,-1.841796875,False,True,True,True,True,True,True,True,True,True,True,True,True,True,True,True,True,True,True,True,True,False,False,False,False,False,False,False,False,False,unlabeled_115,0,unlabeled,0,unlabeled,6a6b7dddff0fe74e679d0d73,2026-08-12T18:19:16.152850,False
,,,,,,,,,,,,,,,,,,,,,,,,,,,,,,,,,,,,,,,,139.0,-1.0,-1.0,-1.0,-1.0,-1.0,-1.0,-1.0,-1.0,-1.0,-1.0,-1.0,-1.0,-1.0,-1.0,-1.0,-1.0,-1.0,-1.0,-1.0,-1.0,2011_09_26_drive_0011_0000000096.png,Karlsruhe,kitti,281.0,50.78125,6.109375,19.5,10.8125,0.1710205078125,0.28871169686317444,0.3789108693599701,1.0,0.0,0.7630603313446045,-0.6852095723152161,1.0048828125,-1.841796875,False,True,True,True,True,True,True,True,True,True,True,True,True,True,True,True,True,True,True,True,True,False,False,False,False,False,False,False,False,False,unlabeled_139,0,unlabeled,0,unlabeled,6a6b7dddff0fe74e679d0d73,2026-08-12T18:20:13.940653,False
,,,,,,,,,,,,,,,,,,,,,,,,,,,,,,,,,,,,,,,,120.0,-1.0,-1.0,-1.0,-1.0,-1.0,-1.0,-1.0,-1.0,-1.0,-1.0,-1.0,-1.0,-1.0,-1.0,-1.0,-1.0,-1.0,-1.0,-1.0,-1.0,2011_09_26_drive_0005_0000000060.png,Karlsruhe,kitti,281.0,50.78125,6.109375,19.5,10.8125,0.1710205078125,0.3113502264022827,0.38109615445137024,1.0,0.0,0.8095395565032959,-0.6790077686309814,1.0048828125,-1.841796875,False,True,True,True,True,True,True,True,True,True,True,True,True,True,True,True,True,True,True,True,True,False,False,False,False,False,False,False,False,False,unlabeled_120,0,unlabeled,0,unlabeled,6a6b7dddff0fe74e679d0d73,2026-08-12T18:19:59.137396,False
,,,,,,,,,,,,,,,,,,,,,,,,,,,,,,,,,,,,,,,,137.0,-1.0,-1.0,-1.0,-1.0,-1.0,-1.0,-1.0,-1.0,-1.0,-1.0,-1.0,-1.0,-1.0,-1.0,-1.0,-1.0,-1.0,-1.0,-1.0,-1.0,2011_09_26_drive_0011_0000000076.png,Karlsruhe,kitti,281.0,50.78125,6.109375,19.5,10.8125,0.1710205078125,0.2796691656112671,0.3642374277114868,1.0,0.0,0.7399311065673828,-0.7226271033287048,1.0048828125,-1.841796875,False,True,True,True,True,True,True,True,True,True,True,True,True,True,True,True,True,True,True,True,True,False,False,False,False,False,False,False,False,False,unlabeled_137,0,unlabeled,0,unlabeled,6a6b7dddff0fe74e679d0d73,2026-08-12T18:20:13.940653,False
,,,,,,,,,,,,,,,,,,,,,,,,,,,,,,,,,,,,,,,,284.0,-1.0,-1.0,-1.0,-1.0,-1.0,-1.0,-1.0,-1.0,-1.0,-1.0,-1.0,-1.0,-1.0,-1.0,-1.0,-1.0,-1.0,-1.0,-1.0,-1.0,2011_09_26_drive_0093_0000000391.png,Karlsruhe,kitti,281.0,50.78125,6.109375,19.5,10.8125,0.1710205078125,0.2836304008960724,0.35284075140953064,1.0,0.0,0.7428830862045288,-0.752006471157074,1.0048828125,-1.841796875,False,True,True,True,True,True,True,True,True,True,True,True,True,True,True,True,True,True,True,True,True,False,False,False,False,False,False,False,False,False,unlabeled_284,0,unlabeled,0,unlabeled,6a6b7dddff0fe74e679d0d73,2026-08-12T18:20:29.385031,False
,,,,,,,,,,,,,,,,,,,,,,,,,,,,,,,,,,,,,,,,136.0,-1.0,-1.0,-1.0,-1.0,-1.0,-1.0,-1.0,-1.0,-1.0,-1.0,-1.0,-1.0,-1.0,-1.0,-1.0,-1.0,-1.0,-1.0,-1.0,-1.0,2011_09_26_drive_0011_0000000066.png,Karlsruhe,kitti,281.0,50.78125,6.109375,19.5,10.8125,0.1710205078125,0.28892943263053894,0.389853835105896,1.0,0.0,0.758527934551239,-0.6564537286758423,1.0048828125,-1.841796875,False,True,True,True,True,True,True,True,True,True,True,True,True,True,True,True,True,True,True,True,True,False,False,False,False,False,False,False,False,False,unlabeled_136,0,unlabeled,0,unlabeled,6a6b7dddff0fe74e679d0d73,2026-08-12T18:19:59.137396,False
,,,,,,,,,,,,,,,,,,,,,,,,,,,,,,,,,,,,,,,,197.0,-1.0,-1.0,-1.0,-1.0,-1.0,-1.0,-1.0,-1.0,-1.0,-1.0,-1.0,-1.0,-1.0,-1.0,-1.0,-1.0,-1.0,-1.0,-1.0,-1.0,2011_09_26_drive_0051_0000000299.png,Karlsruhe,kitti,281.0,50.78125,6.109375,19.5,10.8125,0.1710205078125,0.32315415143966675,0.3358342945575714,1.0,0.0,0.8418383598327637,-0.7955341935157776,1.0048828125,-1.841796875,False,True,True,True,True,True,True,True,True,True,True,True,True,True,True,True,True,True,True,True,True,False,False,False,False,False,False,False,False,False,unlabeled_197,0,unlabeled,0,unlabeled,6a6b7dddff0fe74e679d0d73,2026-08-12T18:20:13.940653,False
,,,,,,,,,,,,,,,,,,,,,,,,,,,,,,,,,,,,,,,,279.0,-1.0,-1.0,-1.0,-1.0,-1.0,-1.0,-1.0,-1.0,-1.0,-1.0,-1.0,-1.0,-1.0,-1.0,-1.0,-1.0,-1.0,-1.0,-1.0,-1.0,2011_09_26_drive_0093_0000000341.png,Karlsruhe,kitti,281.0,50.78125,6.109375,19.5,10.8125,0.1710205078125,0.2730933725833893,0.35442933440208435,1.0,0.0,0.7156208753585815,-0.7478511333465576,1.0048828125,-1.841796875,False,True,True,True,True,True,True,True,True,True,True,True,True,True,True,True,True,True,True,True,True,False,False,False,False,False,False,False,False,False,unlabeled_279,0,unlabeled,0,unlabeled,6a6b7dddff0fe74e679d0d73,2026-08-12T18:19:16.152850,False
,,,,,,,,,,,,,,,,,,,,,,,,,,,,,,,,,,,,,,,,128.0,-1.0,-1.0,-1.0,-1.0,-1.0,-1.0,-1.0,-1.0,-1.0,-1.0,-1.0,-1.0,-1.0,-1.0,-1.0,-1.0,-1.0,-1.0,-1.0,-1.0,2011_09_26_drive_0005_0000000140.png,Karlsruhe,kitti,281.0,50.78125,6.109375,19.5,10.8125,0.1710205078125,0.3314913809299469,0.34930309653282166,1.0,0.0,0.8690003156661987,-0.7616165280342102,1.0048828125,-1.841796875,False,True,True,True,True,True,True,True,True,True,True,True,True,True,True,True,True,True,True,True,True,False,False,False,False,False,False,False,False,False,unlabeled_128,0,unlabeled,0,unlabeled,6a6b7dddff0fe74e679d0d73,2026-08-12T18:19:51.364203,False
,,,,,,,,,,,,,,,,,,,,,,,,,,,,,,,,,,,,,,,,145.0,-1.0,-1.0,-1.0,-1.0,-1.0,-1.0,-1.0,-1.0,-1.0,-1.0,-1.0,-1.0,-1.0,-1.0,-1.0,-1.0,-1.0,-1.0,-1.0,-1.0,2011_09_26_drive_0011_0000000156.png,Karlsruhe,kitti,281.0,50.78125,6.109375,19.5,10.8125,0.1710205078125,0.26502904295921326,0.40810123085975647,1.0,0.0,0.7036291360855103,-0.6101827025413513,1.0048828125,-1.841796875,False,True,True,True,True,True,True,True,True,True,True,True,True,True,True,True,True,True,True,True,True,False,False,False,False,False,False,False,False,False,unlabeled_145,0,unlabeled,0,unlabeled,6a6b7dddff0fe74e679d0d73,2026-08-12T18:20:29.385031,False
,,,,,,,,,,,,,,,,,,,,,,,,,,,,,,,,,,,,,,,,161.0,-1.0,-1.0,-1.0,-1.0,-1.0,-1.0,-1.0,-1.0,-1.0,-1.0,-1.0,-1.0,-1.0,-1.0,-1.0,-1.0,-1.0,-1.0,-1.0,-1.0,2011_09_26_drive_0013_0000000083.png,Karlsruhe,kitti,281.0,50.78125,6.109375,19.5,10.8125,0.1710205078125,0.2532336115837097,0.30744731426239014,1.0,0.0,0.6578313708305359,-0.8676705360412598,1.0048828125,-1.841796875,False,True,True,True,True,True,True,True,True,True,True,True,True,True,True,True,True,True,True,True,True,False,False,False,False,False,False,False,False,False,unlabeled_161,0,unlabeled,0,unlabeled,6a6b7dddff0fe74e679d0d73,2026-08-12T18:19:16.152850,False
,,,,,,,,,,,,,,,,,,,,,,,,,,,,,,,,,,,,,,,,190.0,-1.0,-1.0,-1.0,-1.0,-1.0,-1.0,-1.0,-1.0,-1.0,-1.0,-1.0,-1.0,-1.0,-1.0,-1.0,-1.0,-1.0,-1.0,-1.0,-1.0,2011_09_26_drive_0051_0000000229.png,Karlsruhe,kitti,281.0,50.78125,6.109375,19.5,10.8125,0.1710205078125,0.3239380121231079,0.3278392553329468,1.0,0.0,0.8434610366821289,-0.8160713315010071,1.0048828125,-1.841796875,False,True,True,True,True,True,True,True,True,True,True,True,True,True,True,True,True,True,True,True,True,False,False,False,False,False,False,False,False,False,unlabeled_190,0,unlabeled,0,unlabeled,6a6b7dddff0fe74e679d0d73,2026-08-12T18:19:59.137396,False
,,,,,,,,,,,,,,,,,,,,,,,,,,,,,,,,,,,,,,,,133.0,-1.0,-1.0,-1.0,-1.0,-1.0,-1.0,-1.0,-1.0,-1.0,-1.0,-1.0,-1.0,-1.0,-1.0,-1.0,-1.0,-1.0,-1.0,-1.0,-1.0,2011_09_26_drive_0011_0000000036.png,Karlsruhe,kitti,281.0,50.78125,6.109375,19.5,10.8125,0.1710205078125,0.30768805742263794,0.3922150433063507,1.0,0.0,0.801819920539856,-0.6500633358955383,1.0048828125,-1.841796875,False,True,True,True,True,True,True,True,True,True,True,True,True,True,True,True,True,True,True,True,True,False,False,False,False,False,False,False,False,False,unlabeled_133,0,unlabeled,0,unlabeled,6a6b7dddff0fe74e679d0d73,2026-08-12T18:19:59.137396,False
,,,,,,,,,,,,,,,,,,,,,,,,,,,,,,,,,,,,,,,,205.0,-1.0,-1.0,-1.0,-1.0,-1.0,-1.0,-1.0,-1.0,-1.0,-1.0,-1.0,-1.0,-1.0,-1.0,-1.0,-1.0,-1.0,-1.0,-1.0,-1.0,2011_09_26_drive_0051_0000000379.png,Karlsruhe,kitti,281.0,50.78125,6.109375,19.5,10.8125,0.1710205078125,0.31262680888175964,0.34519532322883606,1.0,0.0,0.8143664002418518,-0.7714087963104248,1.0048828125,-1.841796875,False,True,True,True,True,True,True,True,True,True,True,True,True,True,True,True,True,True,True,True,True,False,False,False,False,False,False,False,False,False,unlabeled_205,0,unlabeled,0,unlabeled,6a6b7dddff0fe74e679d0d73,2026-08-12T18:19:51.364203,False
,,,,,,,,,,,,,,,,,,,,,,,,,,,,,,,,,,,,,,,,160.0,-1.0,-1.0,-1.0,-1.0,-1.0,-1.0,-1.0,-1.0,-1.0,-1.0,-1.0,-1.0,-1.0,-1.0,-1.0,-1.0,-1.0,-1.0,-1.0,-1.0,2011_09_26_drive_0013_0000000073.png,Karlsruhe,kitti,281.0,50.78125,6.109375,19.5,10.8125,0.1710205078125,0.2882516086101532,0.3475371301174164,1.0,0.0,0.7502048015594482,-0.7649324536323547,1.0048828125,-1.841796875,False,True,True,True,True,True,True,True,True,True,True,True,True,True,True,True,True,True,True,True,True,False,False,False,False,False,False,False,False,False,unlabeled_160,0,unlabeled,0,unlabeled,6a6b7dddff0fe74e679d0d73,2026-08-12T18:19:16.152850,False
